Trip_ID,mean_windspeed,max_dist_col,trip_npoints,trip_duration_hours,year,month,MH_Strength,MH_Latitude,MH_Longitude
WA_0001,7.10648983,1284.356859,251,539.7,1989,2,101822.9194,-43,54.25
WA_0002,8.039537374,1316.974944,191,405.0833333,1989,2,101822.9194,-43,54.25
WA_0002,10.40748469,30.10883713,5,8.083333333,1989,2,101822.9194,-43,54.25
WA_0003,9.825645982,2518.840281,333,565.7666667,1989,2,101822.9194,-43,54.25
WA_0004,8.283650946,625.8582653,154,327.85,1989,3,101881.6451,-40.25,120
WA_0005,7.8697955,794.634564,107,269.9666667,1990,2,101829.214,-39.5,56
WA_0006,7.730497804,968.7984768,105,285.8166667,1990,2,101829.214,-39.5,56
WA_0007,9.977688203,2217.635186,150,435.2166667,1990,2,101829.214,-39.5,56
WA_0008,9.780278656,603.2175273,101,297.2,1990,3,101874.476,-36,82.5
WA_0009,9.355473002,682.1342875,70,217.6333333,1991,1,101819.4458,-33.75,96.75
WA_0010,8.369641231,1692.905948,148,487.2333333,1992,1,101913.1314,-35,97.5
WA_0011,12.36394217,194.6535952,22,99.18333333,1992,2,101918.4614,-38,58.75
WA_0011,9.465898164,629.2406058,10,102,1992,2,101918.4614,-38,58.75
WA_0012,11.83917829,2060.594752,19,294.2666667,1992,2,101918.4614,-38,58.75
WA_0013,9.329936026,3693.583745,100,417.45,1992,3,101843.3346,-34.25,77
WA_0014,6.39296677,1028.383413,111,299.3166667,1994,1,101860.3802,-34.5,87.25
WA_0015,8.476249616,1709.396334,139,292.2333333,1994,1,101860.3802,-34.5,87.25
WA_0016,6.911531391,1483.777355,97,262.0666667,1994,1,101860.3802,-34.5,87.25
WA_0017,8.036171296,1954.261529,171,446.0666667,1994,2,101854.9013,-35.25,86
WA_0018,10.8230679,3655.342416,118,280.3666667,1994,2,101854.9013,-35.25,86
WA_0019,8.396958531,777.315846,86,205.6833333,1994,2,101854.9013,-35.25,86
WA_0020,13.28632024,385.3248204,28,70.93333333,1994,2,101854.9013,-35.25,86
WA_0021,7.480209878,1094.707806,70,181.4166667,1994,3,101872.2889,-32.25,96.75
WA_0022,6.399908505,1833.580753,122,322.95,1994,3,101872.2889,-32.25,96.75
WA_0023,7.254872561,667.3333928,64,164.7833333,1998,1,101946.8071,-34.25,75.5
WA_0024,11.69846655,1207.927073,91,259.2333333,1998,1,101946.8071,-34.25,75.5
WA_0025,9.576817058,833.6277464,72,180.2166667,1998,2,101948.8977,-33,96
WA_0026,10.14720456,1358.785667,89,254.7333333,1998,2,101948.8977,-33,96
WA_0027,9.195440941,1066.739846,92,226.9833333,1998,2,101948.8977,-33,96
WA_0028,10.31815586,272.0790744,35,124.4333333,1998,2,101948.8977,-33,96
WA_0029,9.630225718,186.6259948,51,98.6,1998,2,101948.8977,-33,96
WA_0030,10.01781597,973.2086621,98,259.7166667,1998,2,101948.8977,-33,96
WA_0031,11.65946608,922.5039147,147,362.9166667,1998,2,101948.8977,-33,96
WA_0032,10.30729247,1255.730078,68,153.6,1998,2,101948.8977,-33,96
WA_0033,9.48723424,1557.004512,119,328.6,1998,2,101948.8977,-33,96
WA_0034,9.978518541,749.1798838,125,343.7,1998,3,101928.0196,-35.75,99.75
WA_0035,9.959700454,808.2498577,57,141.7,1998,3,101928.0196,-35.75,99.75
WA_0036,9.922181852,863.9904935,50,97.93333333,1998,3,101928.0196,-35.75,99.75
WA_0037,9.132212854,913.3328077,31,92.83333333,1998,3,101928.0196,-35.75,99.75
WA_0038,9.041091134,799.0324759,69,168.45,1998,3,101928.0196,-35.75,99.75
WA_0039,11.93748638,476.1425643,38,86.86666667,1998,3,101928.0196,-35.75,99.75
WA_0040,10.37036072,731.4809244,61,175.4,1998,3,101928.0196,-35.75,99.75
WA_0041,8.788516557,637.0840614,36,80.96666667,1998,3,101928.0196,-35.75,99.75
WA_0042,8.953215395,1154.569643,51,175.1,1998,3,101928.0196,-35.75,99.75
WA_0020,9.848403404,527.9346045,19,102.0333333,1998,3,101928.0196,-35.75,99.75
WA_0043,8.935093539,445.6034814,17,118.9833333,1998,3,101928.0196,-35.75,99.75
WA_0044,8.093895021,2800.831435,421,828.9833333,1999,1,101936.9761,-38,64.5
WA_0045,9.00619317,1030.453985,101,190.2,1999,1,101936.9761,-38,64.5
WA_0045,7.326160316,1029.266765,105,192.1333333,1999,1,101936.9761,-38,64.5
WA_0046,7.833193812,819.4714722,153,269.9166667,1999,1,101936.9761,-38,64.5
WA_0047,9.14010355,1387.134964,139,285.9666667,1999,1,101936.9761,-38,64.5
WA_0048,10.01287136,718.6729248,69,137.3166667,1999,1,101936.9761,-38,64.5
WA_0048,2.949403604,60.86462128,12,16.36666667,1999,1,101936.9761,-38,64.5
WA_0049,9.000303608,790.4173272,81,219.6,1999,1,101936.9761,-38,64.5
WA_0050,6.951955348,1298.911005,158,272.3333333,1999,1,101936.9761,-38,64.5
WA_0051,5.823443957,1327.388858,112,203.0833333,1999,1,101936.9761,-38,64.5
WA_0052,6.075932124,1581.085971,201,419,1999,1,101936.9761,-38,64.5
WA_0053,6.757165337,1525.636718,116,250.45,1999,1,101936.9761,-38,64.5
WA_0054,7.397801755,937.5874238,91,159.0333333,1999,1,101936.9761,-38,64.5
WA_0055,9.903224237,1347.906156,121,229,1999,1,101936.9761,-38,64.5
WA_0056,7.364664291,498.3460172,58,97.81666667,1999,1,101936.9761,-38,64.5
WA_0057,9.905252614,945.4524996,53,106.65,1999,1,101936.9761,-38,64.5
WA_0058,9.546070813,1093.273118,53,190.4666667,1999,1,101936.9761,-38,64.5
WA_0059,9.231208852,2544.525929,115,224.8166667,1999,1,101936.9761,-38,64.5
WA_0060,6.479235962,1461.882529,110,229.2333333,1999,2,101920.4418,-33.5,77.75
WA_0061,8.271446728,112.8415897,64,136.5833333,1999,2,101920.4418,-33.5,77.75
WA_0062,8.091269515,214.7813407,103,227.4,1999,2,101920.4418,-33.5,77.75
WA_0063,10.10168168,1438.280537,168,347.3166667,1999,2,101920.4418,-33.5,77.75
WA_0064,10.29982037,1486.702383,70,246.6,1999,2,101920.4418,-33.5,77.75
WA_0065,7.384549211,1547.892497,188,441.25,1999,2,101920.4418,-33.5,77.75
WA_0066,8.288643029,1007.595572,110,243.4333333,1999,2,101920.4418,-33.5,77.75
WA_0067,9.732951665,1309.341993,174,379.6,1999,2,101920.4418,-33.5,77.75
WA_0068,10.51987165,1448.049531,129,231.3833333,1999,2,101920.4418,-33.5,77.75
WA_0069,9.854786923,99.15617806,63,128.1666667,1999,2,101920.4418,-33.5,77.75
WA_0070,8.820632663,1210.61238,187,395.85,1999,2,101920.4418,-33.5,77.75
WA_0071,8.903915119,1286.964836,159,322.6666667,1999,2,101920.4418,-33.5,77.75
WA_0072,7.960415031,1343.086896,147,275.6,1999,2,101920.4418,-33.5,77.75
WA_0073,9.537601,2788.102352,212,424.8,1999,3,101926.4121,-35.5,90.25
WA_0074,8.787756506,1058.944934,148,307.9,1999,3,101926.4121,-35.5,90.25
WA_0075,7.232759719,1107.184531,95,196.3666667,1999,3,101926.4121,-35.5,90.25
WA_0076,8.963461775,2383.590401,152,270.0666667,1999,3,101926.4121,-35.5,90.25
WA_0025,8.248779665,599.9397022,25,65.01666667,2000,1,101787.3245,-37.25,62.25
WA_0077,7.509746028,1526.292203,91,275.85,2000,1,101787.3245,-37.25,62.25
WA_0078,7.723791757,1291.440537,70,172.45,2000,1,101787.3245,-37.25,62.25
WA_0079,7.811431348,1788.371086,135,448.6833333,2000,1,101787.3245,-37.25,62.25
WA_0029,6.870120542,1715.067908,102,285.1833333,2000,1,101787.3245,-37.25,62.25
WA_0080,11.09245905,205.0658227,59,143.55,2000,1,101787.3245,-37.25,62.25
WA_0081,9.483719116,997.6733023,90,306.4833333,2000,1,101787.3245,-37.25,62.25
WA_0082,8.022320088,1490.06132,88,191,2000,1,101787.3245,-37.25,62.25
WA_0083,7.313892819,3257.415336,180,465.2666667,2001,1,101960.9556,-36.25,75.5
WA_0084,7.542122235,1034.765144,90,192.65,2001,1,101960.9556,-36.25,75.5
WA_0084,8.650734315,723.50993,138,233.2666667,2001,1,101960.9556,-36.25,75.5
WA_0085,9.184205774,853.0755447,85,156.1833333,2001,1,101960.9556,-36.25,75.5
WA_0086,10.19568149,719.8689246,49,114.1166667,2001,1,101960.9556,-36.25,75.5
WA_0087,9.612718881,1576.913372,138,337,2001,1,101960.9556,-36.25,75.5
WA_0088,5.963172613,986.8506853,65,115.0666667,2001,1,101960.9556,-36.25,75.5
WA_0088,10.64735136,584.2290052,82,117.9666667,2001,1,101960.9556,-36.25,75.5
WA_0083,9.360415341,1329.795717,69,258.45,2001,2,101813.293,-33.75,88.75
WA_0084,8.712167168,1230.265526,75,152.65,2001,2,101813.293,-33.75,88.75
WA_0084,7.181863604,841.1174175,105,248.6333333,2001,2,101813.293,-33.75,88.75
WA_0086,7.403012067,3338.803027,209,504.3666667,2001,2,101813.293,-33.75,88.75
WA_0087,8.644381643,2399.867674,231,419.6333333,2001,2,101813.293,-33.75,88.75
WA_0089,9.770249001,1425.639644,279,610.6,2003,1,101861.5914,-35.25,68.5
WA_0090,9.900691903,1249.458986,120,206.2333333,2003,1,101861.5914,-35.25,68.5
WA_0090,9.11639856,879.761498,79,133.05,2003,1,101861.5914,-35.25,68.5
WA_0091,7.664146725,1327.128971,153,386.6166667,2003,1,101861.5914,-35.25,68.5
WA_0092,10.18500413,1043.779784,145,199.15,2003,1,101861.5914,-35.25,68.5
WA_0092,10.60030643,858.8096119,131,166.95,2003,1,101861.5914,-35.25,68.5
WA_0018,10.19041435,1107.28701,144,188.5,2003,1,101861.5914,-35.25,68.5
WA_0018,11.38151417,992.5229477,108,159.2166667,2003,1,101861.5914,-35.25,68.5
WA_0071,11.16609881,437.1755751,75,91.71666667,2003,1,101861.5914,-35.25,68.5
WA_0071,11.08223703,1228.560602,193,274.85,2003,1,101861.5914,-35.25,68.5
WA_0047,8.96307521,1541.566026,143,237.8,2003,2,101848.6981,-36,71
WA_0093,8.991336061,1543.627873,195,278.7666667,2003,2,101848.6981,-36,71
WA_0094,6.659888075,1634.79181,169,259.3,2003,2,101848.6981,-36,71
WA_0030,9.086360777,1088.291688,226,303,2003,2,101848.6981,-36,71
WA_0071,9.949109755,884.5324931,251,335.2833333,2003,2,101848.6981,-36,71
WA_0095,9.890517912,1229.197928,144,236.8166667,2003,3,101941.8582,-35.5,79
WA_0088,9.037128648,1239.115218,160,282.2833333,2003,3,101941.8582,-35.5,79
WA_0047,8.775558593,1720.532751,187,278.0833333,2003,3,101941.8582,-35.5,79
WA_0096,9.647497939,1118.873096,17,160.1,2008,1,101949.1494,-34,85.25
WA_0097,10.63370247,750.4770183,15,74.83333333,2008,1,101949.1494,-34,85.25
WA_0098,7.489063287,1304.160736,28,151.3666667,2008,1,101949.1494,-34,85.25
WA_0099,8.508991999,2213.539563,76,330.0666667,2008,1,101949.1494,-34,85.25
WA_0067,10.14414224,1204.405213,51,376.8333333,2008,1,101949.1494,-34,85.25
WA_0100,6.338297049,3555.985514,50,864.6,2008,2,101859.2725,-35.75,77
WA_0101,7.665043086,1596.810335,83,314.9,2008,2,101859.2725,-35.75,77
WA_0102,8.915956728,1724.150187,51,220,2008,2,101859.2725,-35.75,77
WA_0103,11.76451013,920.703649,59,206.95,2008,2,101859.2725,-35.75,77
WA_0104,6.843282754,1775.969726,57,243.7666667,2008,2,101859.2725,-35.75,77
WA_0105,10.52910743,1050.857543,80,320.6666667,2008,2,101859.2725,-35.75,77
WA_0106,7.350050304,1607.277579,57,247.85,2008,2,101859.2725,-35.75,77
WA_0107,9.152860922,216.1028323,23,73.93333333,2008,2,101859.2725,-35.75,77
WA_0108,7.268226379,131.9283129,8,6.183333333,2008,2,101859.2725,-35.75,77
WA_0108,9.076205875,1039.009089,56,172.5666667,2008,2,101859.2725,-35.75,77
WA_0109,8.647501876,223.6388621,36,128.75,2008,2,101859.2725,-35.75,77
WA_0110,6.723191167,1465.330283,49,201.7833333,2008,2,101859.2725,-35.75,77
WA_0111,10.01997024,209.4589021,43,148,2008,2,101859.2725,-35.75,77
WA_0112,6.798409809,1890.295723,92,337.4166667,2008,2,101859.2725,-35.75,77
WA_0113,6.599261901,1429.493499,66,248.45,2008,2,101859.2725,-35.75,77
WA_0114,12.368333,1117.819645,42,874.55,2008,2,101859.2725,-35.75,77
WA_0115,10.5743856,165.310524,55,210.95,2008,2,101859.2725,-35.75,77
WA_0116,10.13934603,3205.115913,118,416.4666667,2008,2,101859.2725,-35.75,77
WA_0117,7.172538238,2185.638394,75,312,2008,2,101859.2725,-35.75,77
WA_0118,7.832647363,1933.981668,104,356,2008,2,101859.2725,-35.75,77
WA_0119,11.02996086,219.4060493,43,144.2666667,2008,2,101859.2725,-35.75,77
WA_0120,10.30857242,1861.664357,78,204.7333333,2008,2,101859.2725,-35.75,77
WA_0121,11.53491768,182.3618401,16,88,2008,2,101859.2725,-35.75,77
WA_0122,9.318850338,1099.65186,50,198.8333333,2008,2,101859.2725,-35.75,77
WA_0123,11.69085322,1736.210233,83,252.2,2008,2,101859.2725,-35.75,77
WA_0124,8.335372654,682.3515963,58,192,2008,2,101859.2725,-35.75,77
WA_0059,11.27283005,528.4701663,36,138.3333333,2008,2,101859.2725,-35.75,77
WA_0125,9.432670339,83.71687558,38,137.9166667,2008,2,101859.2725,-35.75,77
WA_0126,8.844904841,226.4834894,19,40.78333333,2008,2,101859.2725,-35.75,77
WA_0127,11.91239354,1648.524526,59,243.0166667,2008,2,101859.2725,-35.75,77
WA_0073,9.765008772,1648.132795,85,308.0666667,2008,3,101916.1962,-38.25,75.25
WA_0128,7.849796299,1722.270901,100,384.7,2008,3,101916.1962,-38.25,75.25
WA_0129,8.587790666,756.7897282,70,241.6833333,2008,3,101916.1962,-38.25,75.25
WA_0129,2.939503786,73.51788186,7,7.966666667,2008,3,101916.1962,-38.25,75.25
WA_0129,9.727537246,587.2345615,29,74.66666667,2008,3,101916.1962,-38.25,75.25
WA_0129,7.795736531,219.8637222,15,41.65,2008,3,101916.1962,-38.25,75.25
WA_0121,8.549033256,5427.09594,159,1061.4,2008,3,101916.1962,-38.25,75.25
WA_0130,8.229595872,2641.203327,149,497.4333333,2008,3,101916.1962,-38.25,75.25
WA_0131,7.817401582,1662.059036,293,1262.95,2008,4,101771.8275,-31,78
WA_0132,9.732359326,1434.103563,863,215.5,2010,1,101802.5315,-33.25,90.5
WA_0133,8.837729782,1102.780634,1012,252.75,2010,1,101802.5315,-33.25,90.5
WA_0134,7.809225304,1035.686271,1344,335.75,2010,1,101802.5315,-33.25,90.5
WA_0135,8.563389759,1582.898329,727,181.5,2010,1,101802.5315,-33.25,90.5
WA_0136,7.633917911,1481.914914,1047,261.5,2010,2,101738.3029,-39.75,120
WA_0137,8.941033696,608.0488671,671,167.75,2010,2,101738.3029,-39.75,120
WA_0138,9.503081752,600.2434359,844,210.75,2010,2,101738.3029,-39.75,120
WA_0139,9.354017079,438.934825,1103,276.5,2010,2,101738.3029,-39.75,120
WA_0094,6.945110469,1067.92765,943,235.75,2010,2,101738.3029,-39.75,120
WA_0094,9.025718146,1083.649562,464,115.75,2010,2,101738.3029,-39.75,120
WA_0140,8.888211824,350.1993271,1130,282.25,2010,2,101738.3029,-39.75,120
WA_0141,9.539784421,216.4318147,345,86,2011,1,101879.8836,-37.25,73.75
WA_0142,7.50665569,627.6200143,1112,277.75,2011,1,101879.8836,-37.25,73.75
WA_0143,6.964564102,135.9717337,361,90,2011,1,101879.8836,-37.25,73.75
WA_0144,7.570128426,220.2484087,364,90.75,2011,1,101879.8836,-37.25,73.75
WA_0145,6.476390472,299.2044707,533,133,2011,1,101879.8836,-37.25,73.75
WA_0146,7.315836269,1031.418269,935,233.5,2011,1,101879.8836,-37.25,73.75
WA_0146,7.75023308,55.3411267,79,19.5,2011,1,101879.8836,-37.25,73.75
WA_0147,6.123442127,1036.689702,1111,277.5,2011,1,101879.8836,-37.25,73.75
WA_0148,8.337792325,1060.669575,337,84,2011,1,101879.8836,-37.25,73.75
WA_0059,8.917598864,1011.209004,984,245.75,2011,1,101879.8836,-37.25,73.75
WA_0149,6.071041381,665.5900469,1011,252.5,2011,2,101887.2755,-42.5,103.5
WA_0150,8.385348122,1082.36564,1112,277.75,2011,2,101887.2755,-42.5,103.5
WA_0151,7.174062875,1073.989729,1679,419.5,2011,2,101887.2755,-42.5,103.5
WA_0151,6.818697561,18.56977906,12,2.75,2011,2,101887.2755,-42.5,103.5
WA_0151,3.485042336,13.3222914,11,2.5,2011,2,101887.2755,-42.5,103.5
WA_0152,9.02852038,896.8114751,941,235,2011,2,101887.2755,-42.5,103.5
WA_0153,7.168228593,560.5149698,624,155.75,2011,2,101887.2755,-42.5,103.5
WA_0154,6.306419655,65.37075936,458,114.25,2011,2,101887.2755,-42.5,103.5
WA_0155,5.691497459,688.2756795,1533,383,2011,2,101887.2755,-42.5,103.5
WA_0156,6.692372605,254.8339872,566,141.25,2011,2,101887.2755,-42.5,103.5
WA_0157,9.146300134,2682.438669,1296,325.25,2011,2,101887.2755,-42.5,103.5
WA_0158,8.640424211,1686.68364,1410,352.25,2011,2,101887.2755,-42.5,103.5
WA_0159,7.594433895,207.2966068,404,100.75,2011,2,101887.2755,-42.5,103.5
WA_0160,5.988546984,86.38139099,457,114,2011,2,101887.2755,-42.5,103.5
WA_0074,6.142924317,623.7508008,692,172.75,2011,2,101887.2755,-42.5,103.5
WA_0161,9.081622331,104.3207712,517,129,2011,2,101887.2755,-42.5,103.5
WA_0162,8.216166756,69.67148098,435,108.5,2011,2,101887.2755,-42.5,103.5
WA_0162,3.994398748,12.40558516,11,2.5,2011,2,101887.2755,-42.5,103.5
WA_0162,2.906239294,29.36006243,42,10.25,2011,2,101887.2755,-42.5,103.5
WA_0163,9.491352783,1692.931435,1432,358.75,2011,2,101887.2755,-42.5,103.5
WA_0145,11.49742252,126.862375,185,46,2011,2,101887.2755,-42.5,103.5
WA_0164,7.695024532,970.0107076,766,191.25,2011,2,101887.2755,-42.5,103.5
WA_0165,5.949667741,70.19138424,450,112.25,2011,2,101887.2755,-42.5,103.5
WA_0165,9.517972303,75.56452288,143,35.5,2011,2,101887.2755,-42.5,103.5
WA_0166,9.380351098,665.6568819,1034,258.25,2011,2,101887.2755,-42.5,103.5
WA_0167,7.777012473,85.02554239,443,110.5,2011,2,101887.2755,-42.5,103.5
WA_0168,8.634571995,1567.060254,1186,296.25,2011,2,101887.2755,-42.5,103.5
WA_0169,9.261466925,589.8262658,484,121.5,2011,2,101887.2755,-42.5,103.5
WA_0170,7.568871162,222.5265021,763,190.5,2011,2,101887.2755,-42.5,103.5
WA_0171,9.757986409,1185.610163,668,166.75,2011,2,101887.2755,-42.5,103.5
WA_0172,8.956247247,2357.086276,1728,434,2011,2,101887.2755,-42.5,103.5
WA_0172,2.61190672,18.92950219,70,17.25,2011,2,101887.2755,-42.5,103.5
WA_0173,8.366141428,1850.515118,1444,360.75,2011,2,101887.2755,-42.5,103.5
WA_0173,11.58293305,16.03346842,30,7.25,2011,2,101887.2755,-42.5,103.5
WA_0174,8.298502681,222.3359276,482,120.25,2011,2,101887.2755,-42.5,103.5
WA_0124,6.542834527,74.28486261,469,117,2011,2,101887.2755,-42.5,103.5
WA_0175,9.065528358,98.89311165,460,114.75,2011,2,101887.2755,-42.5,103.5
WA_0175,6.617896567,87.70351177,549,137,2011,2,101887.2755,-42.5,103.5
WA_0175,8.26795669,11.07171706,7,1.5,2011,2,101887.2755,-42.5,103.5
WA_0175,8.822045005,26.96958875,27,6.5,2011,2,101887.2755,-42.5,103.5
WA_0176,7.036876529,1561.650131,1867,466.5,2011,2,101887.2755,-42.5,103.5
WA_0153,9.242632766,704.182372,642,160.25,2011,3,101873.1314,-34.25,91
WA_0177,11.84897421,2023.085498,475,125.5,2011,3,101873.1314,-34.25,91
WA_0178,6.489428348,1584.593667,1073,268,2011,3,101873.1314,-34.25,91
WA_0178,1.793975792,26.38157285,45,11,2011,3,101873.1314,-34.25,91
WA_0179,7.645903981,477.8904172,766,191.25,2012,1,101808.5048,-35,91.5
WA_0180,9.197558642,108.8052922,494,123.25,2012,1,101808.5048,-35,91.5
WA_0181,9.877963649,1857.265953,1125,282.75,2012,1,101808.5048,-35,91.5
WA_0182,10.79776033,615.1355217,838,209.25,2012,2,101831.6813,-35.5,91
WA_0183,8.17879492,1913.429269,1428,357,2012,2,101831.6813,-35.5,91
WA_0184,11.74811563,265.1489915,967,241.5,2012,2,101831.6813,-35.5,91
WA_0185,9.411270715,1630.362052,870,217.25,2012,2,101831.6813,-35.5,91
WA_0186,11.25506856,765.6559235,539,136.25,2012,2,101831.6813,-35.5,91
WA_0187,11.27468599,821.4175648,722,180.25,2012,2,101831.6813,-35.5,91
WA_0180,9.173980922,214.8253751,573,143,2012,2,101831.6813,-35.5,91
WA_0188,10.61631073,636.9477029,614,153.25,2012,2,101831.6813,-35.5,91
WA_0189,11.59106178,1280.731888,1119,281.5,2012,2,101831.6813,-35.5,91
WA_0190,8.837899485,1114.302732,965,241,2012,2,101831.6813,-35.5,91
WA_0163,10.64139619,103.5911757,450,112.25,2012,2,101831.6813,-35.5,91
WA_0075,11.63592294,111.4541306,526,131.25,2012,2,101831.6813,-35.5,91
WA_0191,11.26019597,920.1059997,594,149.25,2012,2,101831.6813,-35.5,91
WA_0192,10.12693032,3941.224561,1570,401.5,2012,2,101831.6813,-35.5,91
WA_0193,12.22197686,173.0918975,644,160.75,2012,2,101831.6813,-35.5,91
WA_0194,8.166445384,2105.953735,1518,380.5,2012,2,101831.6813,-35.5,91
WA_0195,9.781587332,1189.933769,1376,343.75,2012,2,101831.6813,-35.5,91
WA_0196,9.854579965,162.6715125,379,94.5,2012,2,101831.6813,-35.5,91
WA_0197,12.00244845,1443.67458,1308,327,2012,3,101999.6619,-36.25,69.25
WA_0198,10.17033213,698.8731724,756,188.75,2012,3,101999.6619,-36.25,69.25
WA_0199,12.21049216,257.2710719,272,67.75,2012,3,101999.6619,-36.25,69.25
WA_0117,9.484346951,2058.185003,846,214.75,2012,3,101999.6619,-36.25,69.25
WA_0200,8.561173241,671.0089781,839,209.5,2012,3,101999.6619,-36.25,69.25
WA_0201,10.56199206,1184.422242,786,196.25,2013,1,101942.6406,-33.75,85.25
WA_0137,11.12270211,176.431197,423,105.5,2013,1,101942.6406,-33.75,85.25
WA_0202,12.82072708,646.3783177,371,92.5,2013,1,101942.6406,-33.75,85.25
WA_0203,8.884867145,259.2372398,477,121.25,2013,1,101942.6406,-33.75,85.25
WA_0204,10.11716804,907.421742,757,189,2013,1,101942.6406,-33.75,85.25
WA_0205,10.39521643,61.5057395,313,78,2013,1,101942.6406,-33.75,85.25
WA_0157,10.67824897,1227.557604,729,183,2013,1,101942.6406,-33.75,85.25
WA_0143,10.62189508,760.0681708,807,201.75,2013,1,101942.6406,-33.75,85.25
WA_0144,9.556189355,194.8519612,344,85.75,2013,1,101942.6406,-33.75,85.25
WA_0206,11.98032428,67.25082743,191,47.5,2013,1,101942.6406,-33.75,85.25
WA_0207,10.63737127,135.4005098,752,187.75,2013,1,101942.6406,-33.75,85.25
WA_0134,6.464189612,1745.069664,1344,335.75,2013,1,101942.6406,-33.75,85.25
WA_0208,9.700608178,163.2685289,257,64,2013,1,101942.6406,-33.75,85.25
WA_0208,9.213036518,136.5513531,223,55.5,2013,1,101942.6406,-33.75,85.25
WA_0209,9.754924376,264.9027125,704,271.45,2013,1,101942.6406,-33.75,85.25
WA_0193,9.967768869,260.8677572,502,125.25,2013,1,101942.6406,-33.75,85.25
WA_0210,9.557382045,1380.951994,783,195.5,2013,1,101942.6406,-33.75,85.25
WA_0211,8.303590608,2097.29294,1365,341,2013,1,101942.6406,-33.75,85.25
WA_0212,10.45989133,89.17326926,517,129,2013,1,101942.6406,-33.75,85.25
WA_0213,9.015471292,176.3800975,297,74,2013,1,101942.6406,-33.75,85.25
WA_0173,7.725963146,1904.246811,1889,472,2013,1,101942.6406,-33.75,85.25
WA_0175,10.67075197,82.80510282,464,115.75,2013,1,101942.6406,-33.75,85.25
WA_0214,8.903561463,2085.347313,766,191.25,2013,2,101847.4348,-37.25,78
WA_0215,8.98654671,2650.676005,1257,314.25,2013,2,101847.4348,-37.25,78
WA_0216,8.532879321,1132.651511,816,204,2013,2,101847.4348,-37.25,78
WA_0201,10.23750454,1135.872209,1004,250.75,2013,2,101847.4348,-37.25,78
WA_0217,9.074523954,882.8512615,1041,260,2013,2,101847.4348,-37.25,78
WA_0218,9.631286959,442.4828683,899,224.5,2013,2,101847.4348,-37.25,78
WA_0219,7.683860144,556.2748936,743,185.5,2013,2,101847.4348,-37.25,78
WA_0220,9.750397239,2815.233601,1108,278.75,2013,2,101847.4348,-37.25,78
WA_0221,8.501424788,1594.842953,810,205,2013,2,101847.4348,-37.25,78
WA_0157,9.000755833,160.8079631,572,142.75,2013,2,101847.4348,-37.25,78
WA_0157,6.901110889,83.80671639,154,38.25,2013,2,101847.4348,-37.25,78
WA_0222,7.149856287,1649.177327,818,204.25,2013,2,101847.4348,-37.25,78
WA_0178,6.845756235,1979.535651,1446,361.25,2013,2,101847.4348,-37.25,78
WA_0223,10.45095817,1532.842737,1327,331.5,2013,2,101847.4348,-37.25,78
WA_0224,8.417733352,1855.933398,970,242.25,2013,2,101847.4348,-37.25,78
WA_0162,9.067332751,453.7857221,710,177.75,2013,2,101847.4348,-37.25,78
WA_0143,10.07966338,610.6856908,984,245.75,2013,2,101847.4348,-37.25,78
WA_0144,8.876678865,453.2940398,753,188,2013,2,101847.4348,-37.25,78
WA_0206,7.862001614,611.4485837,1077,269,2013,2,101847.4348,-37.25,78
WA_0225,8.324035929,694.4575607,1319,329.5,2013,2,101847.4348,-37.25,78
WA_0207,9.134663628,1692.326573,1214,303.25,2013,2,101847.4348,-37.25,78
WA_0226,8.634552707,380.8596547,968,241.75,2013,2,101847.4348,-37.25,78
WA_0227,12.24521286,1932.68966,580,144.75,2013,2,101847.4348,-37.25,78
WA_0208,7.879323517,141.0451846,246,61.25,2013,2,101847.4348,-37.25,78
WA_0208,8.943018898,284.1212023,653,163,2013,2,101847.4348,-37.25,78
WA_0228,9.703026071,489.2337343,749,187,2013,2,101847.4348,-37.25,78
WA_0229,9.189441912,606.4676824,680,170,2013,2,101847.4348,-37.25,78
WA_0193,9.412071002,427.6022406,563,140.5,2013,2,101847.4348,-37.25,78
WA_0193,8.319965833,539.8996742,595,148.5,2013,2,101847.4348,-37.25,78
WA_0230,8.796845864,1349.289988,660,164.75,2013,2,101847.4348,-37.25,78
WA_0231,10.13481908,1647.916727,1008,255.5,2013,2,101847.4348,-37.25,78
WA_0232,7.022551756,1395.359949,1485,371,2013,2,101847.4348,-37.25,78
WA_0233,9.438604603,1314.75893,1051,262.5,2013,2,101847.4348,-37.25,78
WA_0234,12.32833447,2519.960467,1065,266,2013,2,101847.4348,-37.25,78
WA_0235,7.208430514,1910.084334,1059,264.5,2013,2,101847.4348,-37.25,78
WA_0169,7.350018802,1774.4526,1941,486.25,2013,2,101847.4348,-37.25,78
WA_0171,8.397180752,1119.686135,544,135.75,2013,2,101847.4348,-37.25,78
WA_0171,9.326244673,1944.467992,1021,255,2013,2,101847.4348,-37.25,78
WA_0213,8.603286838,775.0004859,590,147.25,2013,2,101847.4348,-37.25,78
WA_0213,9.531648539,2307.165916,993,251.25,2013,2,101847.4348,-37.25,78
WA_0213,11.01503499,86.21123367,44,10.75,2013,2,101847.4348,-37.25,78
WA_0236,7.397151524,1321.25779,965,241,2013,2,101847.4348,-37.25,78
WA_0126,10.56033282,538.0833116,482,120.25,2013,2,101847.4348,-37.25,78
WA_0237,7.192571757,90.01667218,192,47.75,2013,3,102024.7854,-36.75,87.75
WA_0237,9.827500659,80.42107603,77,19,2013,3,102024.7854,-36.75,87.75
WA_0237,14.05306565,136.4282924,176,43.75,2013,3,102024.7854,-36.75,87.75
WA_0026,9.979599664,146.1682966,570,331.5833333,2013,3,102024.7854,-36.75,87.75
WA_0238,6.812921917,960.0460795,472,117.75,2013,3,102024.7854,-36.75,87.75
WA_0238,5.031486737,1419.621535,494,123.25,2013,3,102024.7854,-36.75,87.75
WA_0239,9.474697358,1212.668646,1424,355.75,2013,3,102024.7854,-36.75,87.75
WA_0151,10.23429793,153.3115598,134,33.25,2013,3,102024.7854,-36.75,87.75
WA_0151,7.609003843,142.7942978,166,41.25,2013,3,102024.7854,-36.75,87.75
WA_0151,5.080271709,16.61342871,5,1,2013,3,102024.7854,-36.75,87.75
WA_0151,9.223422858,148.9911923,137,34,2013,3,102024.7854,-36.75,87.75
WA_0240,6.674866994,1368.573946,985,246,2013,3,102024.7854,-36.75,87.75
WA_0240,7.403842788,1196.345959,332,83,2013,3,102024.7854,-36.75,87.75
WA_0241,9.660421532,219.0821318,960,239.75,2013,3,102024.7854,-36.75,87.75
WA_0241,8.80238529,138.5312561,209,52,2013,3,102024.7854,-36.75,87.75
WA_0073,8.760290891,728.811991,487,121.5,2013,3,102024.7854,-36.75,87.75
WA_0242,8.5106695,263.0728643,297,215.6833333,2013,3,102024.7854,-36.75,87.75
WA_0242,5.924180834,834.4648276,555,217.55,2013,3,102024.7854,-36.75,87.75
WA_0243,7.848413674,1665.434273,1181,295,2013,3,102024.7854,-36.75,87.75
WA_0244,8.317355125,552.6889281,466,116.25,2013,3,102024.7854,-36.75,87.75
WA_0244,9.600873028,536.0703618,358,89.25,2013,3,102024.7854,-36.75,87.75
WA_0244,7.712725789,82.86285861,196,48.75,2013,3,102024.7854,-36.75,87.75
WA_0244,7.114093354,85.21130641,174,43.25,2013,3,102024.7854,-36.75,87.75
WA_0245,6.755005654,949.6930027,334,83.25,2013,3,102024.7854,-36.75,87.75
WA_0245,8.299666456,310.3658413,250,62.25,2013,3,102024.7854,-36.75,87.75
WA_0246,9.121010301,949.4896729,619,154.5,2013,3,102024.7854,-36.75,87.75
WA_0247,10.84431674,1724.547175,1041,266.25,2013,3,102024.7854,-36.75,87.75
WA_0248,9.089451713,1130.601502,1092,419.4166667,2013,3,102024.7854,-36.75,87.75
WA_0249,8.925178377,551.8874118,493,123,2013,3,102024.7854,-36.75,87.75
WA_0154,9.043325887,629.4015886,698,174.25,2013,3,102024.7854,-36.75,87.75
WA_0185,6.885599542,1566.600007,1113,278.5,2013,3,102024.7854,-36.75,87.75
WA_0250,9.915284549,488.1880479,954,480.7166667,2013,3,102024.7854,-36.75,87.75
WA_0251,9.486970331,262.7085517,373,93,2013,3,102024.7854,-36.75,87.75
WA_0158,8.944119129,1081.866064,574,143.25,2013,3,102024.7854,-36.75,87.75
WA_0252,9.148787624,79.52830292,280,69.75,2013,3,102024.7854,-36.75,87.75
WA_0252,9.439964345,456.2170405,208,51.75,2013,3,102024.7854,-36.75,87.75
WA_0252,8.903242494,189.49883,261,65,2013,3,102024.7854,-36.75,87.75
WA_0252,13.19280327,77.56557376,94,23.25,2013,3,102024.7854,-36.75,87.75
WA_0253,9.501977797,663.7910301,387,96.5,2013,3,102024.7854,-36.75,87.75
WA_0253,5.916311559,725.2784845,236,58.75,2013,3,102024.7854,-36.75,87.75
WA_0253,7.387360356,937.0584309,313,78,2013,3,102024.7854,-36.75,87.75
WA_0254,9.579813413,447.0959285,699,371.2,2013,3,102024.7854,-36.75,87.75
WA_0255,10.41685755,156.8115939,537,299.3666667,2013,3,102024.7854,-36.75,87.75
WA_0105,8.651024353,1029.970995,757,189,2013,3,102024.7854,-36.75,87.75
WA_0256,10.58016607,1417.90503,1206,301.25,2013,3,102024.7854,-36.75,87.75
WA_0257,11.17373136,273.9166299,398,99.25,2013,3,102024.7854,-36.75,87.75
WA_0258,9.263941332,546.8682309,245,61,2013,3,102024.7854,-36.75,87.75
WA_0258,9.054350293,820.7959504,199,49.5,2013,3,102024.7854,-36.75,87.75
WA_0259,9.828212815,2185.183952,949,237,2013,3,102024.7854,-36.75,87.75
WA_0260,9.12218191,615.9569292,956,238.75,2013,3,102024.7854,-36.75,87.75
WA_0261,9.120318285,463.6300179,476,118.75,2013,3,102024.7854,-36.75,87.75
WA_0262,8.754296078,638.6027037,666,284.1833333,2013,3,102024.7854,-36.75,87.75
WA_0206,6.292449097,766.307495,465,116,2013,3,102024.7854,-36.75,87.75
WA_0206,9.114996603,600.1758171,364,90.75,2013,3,102024.7854,-36.75,87.75
WA_0206,7.827630034,1597.813599,687,171.5,2013,3,102024.7854,-36.75,87.75
WA_0207,8.076076893,1353.142065,531,137.25,2013,3,102024.7854,-36.75,87.75
WA_0207,7.165846819,171.7057329,108,26.75,2013,3,102024.7854,-36.75,87.75
WA_0263,7.740949509,278.3139355,274,68.25,2013,3,102024.7854,-36.75,87.75
WA_0263,9.93134164,734.766572,641,160,2013,3,102024.7854,-36.75,87.75
WA_0263,10.50250067,88.67351663,90,22.25,2013,3,102024.7854,-36.75,87.75
WA_0264,9.564601289,822.5058237,354,88.25,2013,3,102024.7854,-36.75,87.75
WA_0265,9.186731529,585.0481116,220,54.75,2013,3,102024.7854,-36.75,87.75
WA_0265,6.82081313,283.1826249,295,73.5,2013,3,102024.7854,-36.75,87.75
WA_0265,7.341759291,86.4162068,187,46.5,2013,3,102024.7854,-36.75,87.75
WA_0265,14.07636407,87.37775001,21,5,2013,3,102024.7854,-36.75,87.75
WA_0265,14.32218469,82.53514627,51,12.5,2013,3,102024.7854,-36.75,87.75
WA_0266,7.778012825,908.9702855,779,336.55,2013,3,102024.7854,-36.75,87.75
WA_0110,6.924486475,1472.486793,862,215.25,2013,3,102024.7854,-36.75,87.75
WA_0267,7.350650911,1919.032254,926,233,2013,3,102024.7854,-36.75,87.75
WA_0268,9.260587331,616.0562383,450,112.25,2013,3,102024.7854,-36.75,87.75
WA_0269,10.10513711,85.47163835,634,385.8166667,2013,3,102024.7854,-36.75,87.75
WA_0165,10.8573895,1367.37858,1409,354,2013,3,102024.7854,-36.75,87.75
WA_0270,8.820287708,600.9716341,354,88.25,2013,3,102024.7854,-36.75,87.75
WA_0270,9.610356046,2256.010437,487,121.5,2013,3,102024.7854,-36.75,87.75
WA_0271,9.396768441,207.0524688,484,120.75,2013,3,102024.7854,-36.75,87.75
WA_0272,9.337291873,914.2650291,1145,444.9166667,2013,3,102024.7854,-36.75,87.75
WA_0273,8.630303444,182.2088794,274,68.25,2013,3,102024.7854,-36.75,87.75
WA_0273,8.566502702,77.39564097,179,44.5,2013,3,102024.7854,-36.75,87.75
WA_0274,9.663997665,152.0574054,215,53.5,2013,3,102024.7854,-36.75,87.75
WA_0274,11.53769412,29.02994937,5,1,2013,3,102024.7854,-36.75,87.75
WA_0274,11.38235212,193.8625159,109,27,2013,3,102024.7854,-36.75,87.75
WA_0274,11.60254128,119.4167622,142,35.25,2013,3,102024.7854,-36.75,87.75
WA_0275,9.948814767,196.5192317,282,70.25,2013,3,102024.7854,-36.75,87.75
WA_0275,6.458191874,185.9645201,171,42.5,2013,3,102024.7854,-36.75,87.75
WA_0275,5.605753906,189.9511775,103,25.5,2013,3,102024.7854,-36.75,87.75
WA_0275,8.004820739,17.20418552,6,1.25,2013,3,102024.7854,-36.75,87.75
WA_0275,9.211166224,26.73056813,40,9.75,2013,3,102024.7854,-36.75,87.75
WA_0276,9.621478397,3126.565627,1455,374.25,2013,3,102024.7854,-36.75,87.75
WA_0277,8.556989683,738.4211535,763,239.9666667,2013,3,102024.7854,-36.75,87.75
WA_0278,7.913627424,1650.349547,1874,468.5,2013,3,102024.7854,-36.75,87.75
WA_0279,7.674494202,1036.709164,1250,312.25,2013,3,102024.7854,-36.75,87.75
WA_0280,9.046687515,2250.272015,1168,292.5,2013,3,102024.7854,-36.75,87.75
WA_0280,8.071706865,175.0957228,152,37.75,2013,3,102024.7854,-36.75,87.75
WA_0280,5.308863807,13.59626645,9,2,2013,3,102024.7854,-36.75,87.75
WA_0281,7.103751768,2731.563371,1389,347,2013,3,102024.7854,-36.75,87.75
WA_0282,7.202449733,1826.227383,1111,277.5,2013,3,102024.7854,-36.75,87.75
WA_0282,8.135755165,199.2417713,197,49,2013,3,102024.7854,-36.75,87.75
WA_0282,9.759330835,76.95162392,120,29.75,2013,3,102024.7854,-36.75,87.75
WA_0283,7.994655919,1459.798632,1051,262.5,2013,3,102024.7854,-36.75,87.75
WA_0283,7.815999153,1048.561576,371,92.5,2013,3,102024.7854,-36.75,87.75
WA_0284,8.291903018,1311.660557,1234,308.75,2013,3,102024.7854,-36.75,87.75
WA_0284,10.77863907,569.7109579,199,49.5,2013,3,102024.7854,-36.75,87.75
WA_0285,9.677861571,564.6999524,589,147,2013,3,102024.7854,-36.75,87.75
WA_0286,8.208682959,208.3195295,395,98.5,2013,3,102024.7854,-36.75,87.75
WA_0287,8.706519445,424.0278412,273,68,2013,3,102024.7854,-36.75,87.75
WA_0288,9.180309451,112.5687075,976,506.0666667,2013,3,102024.7854,-36.75,87.75
WA_0289,10.03986049,1057.592472,957,239,2013,3,102024.7854,-36.75,87.75
WA_0290,8.510650183,1432.278439,2700,674.75,2013,3,102024.7854,-36.75,87.75
WA_0291,8.771347353,2729.445489,1298,324.25,2013,3,102024.7854,-36.75,87.75
WA_0292,7.07279325,1682.137578,1124,280.75,2013,3,102024.7854,-36.75,87.75
WA_0293,8.521256792,1171.287961,622,296.3,2013,3,102024.7854,-36.75,87.75
WA_0146,10.40640339,2144.287053,1905,477.75,2013,3,102024.7854,-36.75,87.75
WA_0294,9.054850706,962.580003,493,123,2013,3,102024.7854,-36.75,87.75
WA_0294,7.943224756,569.9570964,376,93.75,2013,3,102024.7854,-36.75,87.75
WA_0294,9.556387113,114.0397602,77,19,2013,3,102024.7854,-36.75,87.75
WA_0295,9.333175928,2692.887409,1249,312.25,2013,3,102024.7854,-36.75,87.75
WA_0296,8.524349985,1049.483061,728,284.1333333,2013,3,102024.7854,-36.75,87.75
WA_0297,9.344612249,560.4597968,946,426.1166667,2013,3,102024.7854,-36.75,87.75
WA_0147,9.04915573,86.02655431,376,93.75,2013,3,102024.7854,-36.75,87.75
WA_0147,5.728742989,126.6870449,124,30.75,2013,3,102024.7854,-36.75,87.75
WA_0147,9.483613767,150.423833,273,68,2013,3,102024.7854,-36.75,87.75
WA_0298,7.872009041,1616.027966,477,119,2013,3,102024.7854,-36.75,87.75
WA_0299,6.008167895,1783.036706,943,237.75,2013,3,102024.7854,-36.75,87.75
WA_0300,9.25787985,126.1655649,357,89,2013,3,102024.7854,-36.75,87.75
WA_0300,8.939368826,67.90167891,71,17.5,2013,3,102024.7854,-36.75,87.75
WA_0300,6.340313054,1017.046041,305,76,2013,3,102024.7854,-36.75,87.75
WA_0300,8.465210071,1275.536889,322,80.25,2013,3,102024.7854,-36.75,87.75
WA_0301,9.406516979,149.835991,685,289.9333333,2013,3,102024.7854,-36.75,87.75
WA_0302,8.405625335,1332.999411,1326,331.25,2013,3,102024.7854,-36.75,87.75
WA_0302,6.775683863,822.9078002,472,117.75,2013,3,102024.7854,-36.75,87.75
WA_0303,9.430489194,98.70698387,525,211.7666667,2013,3,102024.7854,-36.75,87.75
WA_0304,9.178000406,2632.835903,1701,428.5,2013,3,102024.7854,-36.75,87.75
WA_0304,8.691873798,363.8938481,368,91.75,2013,3,102024.7854,-36.75,87.75
WA_0304,8.12396087,74.78170697,181,45,2013,3,102024.7854,-36.75,87.75
WA_0305,8.501517383,1026.065431,696,443.1666667,2013,3,102024.7854,-36.75,87.75
WA_0306,9.871545221,729.9302122,237,59,2013,3,102024.7854,-36.75,87.75
WA_0306,8.454714405,649.0249131,186,46.25,2013,3,102024.7854,-36.75,87.75
WA_0306,10.3987859,834.1675876,324,80.75,2013,3,102024.7854,-36.75,87.75
WA_0307,7.205073993,1760.036934,754,188.25,2013,3,102024.7854,-36.75,87.75
WA_0237,6.368535473,166.4647769,177,44,2013,4,101870.1227,-35.25,68.75
WA_0237,4.095891228,24.66000385,6,1.25,2013,4,101870.1227,-35.25,68.75
WA_0237,10.56010008,51.86539541,47,11.5,2013,4,101870.1227,-35.25,68.75
WA_0151,9.502737712,169.2917573,75,18.5,2013,4,101870.1227,-35.25,68.75
WA_0245,12.43860038,176.1672219,168,41.75,2013,4,101870.1227,-35.25,68.75
WA_0245,11.26453229,454.6671991,213,53,2013,4,101870.1227,-35.25,68.75
WA_0252,8.222930891,547.0021251,286,71.25,2013,4,101870.1227,-35.25,68.75
WA_0253,7.996651824,689.1435018,259,64.5,2013,4,101870.1227,-35.25,68.75
WA_0253,2.150115459,17.11036202,5,1,2013,4,101870.1227,-35.25,68.75
WA_0253,2.462508804,23.78159613,5,1,2013,4,101870.1227,-35.25,68.75
WA_0253,9.88882361,58.73066189,51,12.5,2013,4,101870.1227,-35.25,68.75
WA_0258,8.52088607,1069.679149,381,95,2013,4,101870.1227,-35.25,68.75
WA_0262,10.73350479,645.5831696,215,53.5,2013,4,101870.1227,-35.25,68.75
WA_0207,8.794086627,1602.181795,471,119.75,2013,4,101870.1227,-35.25,68.75
WA_0207,11.26999509,10.29649083,14,3.25,2013,4,101870.1227,-35.25,68.75
WA_0265,8.385681519,342.3572257,173,43,2013,4,101870.1227,-35.25,68.75
WA_0270,8.595522988,78.95323088,114,28.25,2013,4,101870.1227,-35.25,68.75
WA_0270,9.239667133,591.0267995,418,104.25,2013,4,101870.1227,-35.25,68.75
WA_0270,11.85255006,60.01939469,89,22,2013,4,101870.1227,-35.25,68.75
WA_0308,8.28358076,819.2519538,359,89.5,2013,4,101870.1227,-35.25,68.75
WA_0273,12.22246043,177.1402326,190,47.25,2013,4,101870.1227,-35.25,68.75
WA_0275,8.317827575,753.8312511,232,57.75,2013,4,101870.1227,-35.25,68.75
WA_0293,7.778556117,11.01980681,10,2.25,2013,4,101870.1227,-35.25,68.75
WA_0293,10.90004279,11.59835013,9,2,2013,4,101870.1227,-35.25,68.75
WA_0293,13.41990379,23.19155459,14,3.25,2013,4,101870.1227,-35.25,68.75
WA_0294,9.271450474,1517.774067,425,106.25,2013,4,101870.1227,-35.25,68.75
WA_0296,7.081792004,264.8579545,188,46.75,2013,4,101870.1227,-35.25,68.75
WA_0147,9.72278389,233.9729664,523,130.5,2013,4,101870.1227,-35.25,68.75
WA_0147,9.133451495,11.16927838,25,6,2013,4,101870.1227,-35.25,68.75
WA_0298,7.972784949,934.9625514,1449,362,2013,4,101870.1227,-35.25,68.75
WA_0300,8.445052672,296.2778738,273,68,2013,4,101870.1227,-35.25,68.75
WA_0300,10.62453,81.828025,55,13.5,2013,4,101870.1227,-35.25,68.75
WA_0302,9.662126031,185.1707298,197,49,2013,4,101870.1227,-35.25,68.75
WA_0302,11.72484948,13.50280093,45,11,2013,4,101870.1227,-35.25,68.75
WA_0303,11.30794552,84.1465198,286,139.6166667,2013,4,101870.1227,-35.25,68.75
WA_0304,6.414034773,112.6510768,228,56.75,2013,4,101870.1227,-35.25,68.75
WA_0304,10.43914421,34.38574232,45,11,2013,4,101870.1227,-35.25,68.75
WA_0073,9.600129608,1306.348592,1356,339.75,2014,1,101872.8782,-34.75,68
WA_0158,9.909557895,444.6234114,460,114.75,2014,1,101872.8782,-34.75,68
WA_0067,9.836064792,1202.283721,1358,339.25,2014,1,101872.8782,-34.75,68
WA_0059,10.77083382,1120.159283,726,181.25,2014,1,101872.8782,-34.75,68
WA_0042,9.863213682,1142.26042,951,239.75,2014,1,101872.8782,-34.75,68
WA_0309,8.450335399,1051.180932,1118,279.25,2014,2,101876.0813,-36.25,95.25
WA_0310,8.609154129,800.1275951,840,209.75,2014,2,101876.0813,-36.25,95.25
WA_0157,13.55432966,216.8370146,392,97.75,2014,2,101876.0813,-36.25,95.25
WA_0311,7.040510219,207.5831925,490,122.25,2014,2,101876.0813,-36.25,95.25
WA_0117,8.257189886,1687.526091,2375,599,2014,2,101876.0813,-36.25,95.25
WA_0118,10.27180821,1249.186787,1171,292.5,2014,2,101876.0813,-36.25,95.25
WA_0312,8.783577836,1486.59822,1722,431,2014,2,101876.0813,-36.25,95.25
WA_0299,7.003109693,1972.983103,1323,337.25,2014,2,101876.0813,-36.25,95.25
WA_0148,7.64371239,1539.594251,541,135,2014,2,101876.0813,-36.25,95.25
WA_0173,6.699334944,2514.848849,2241,560,2014,2,101876.0813,-36.25,95.25
WA_0173,9.617550849,10.352292,11,2.5,2014,2,101876.0813,-36.25,95.25
WA_0042,3.593651816,12.27569845,35,8.5,2014,2,101876.0813,-36.25,95.25
WA_0313,6.47470883,311.8855365,483,120.5,2014,3,101928.8409,-35.75,97.5
WA_0313,9.127856031,772.6972451,419,104.5,2014,3,101928.8409,-35.75,97.5
WA_0313,10.79369226,13.69470405,10,2.25,2014,3,101928.8409,-35.75,97.5
WA_0313,12.93173006,59.10668041,60,14.75,2014,3,101928.8409,-35.75,97.5
WA_0313,6.542864401,126.0791957,160,39.75,2014,3,101928.8409,-35.75,97.5
WA_0183,7.857499201,1620.631519,1109,277,2014,3,101928.8409,-35.75,97.5
WA_0183,11.04148892,463.7804429,192,47.75,2014,3,101928.8409,-35.75,97.5
WA_0183,12.42106669,11.28367035,5,1,2014,3,101928.8409,-35.75,97.5
WA_0183,13.63691283,17.62813658,43,10.5,2014,3,101928.8409,-35.75,97.5
WA_0183,8.862166294,416.6118303,201,50,2014,3,101928.8409,-35.75,97.5
WA_0310,10.28283288,130.0228959,380,94.75,2014,3,101928.8409,-35.75,97.5
WA_0310,10.78818198,146.7259989,342,85.25,2014,3,101928.8409,-35.75,97.5
WA_0157,8.915337721,856.3102993,938,234.25,2014,3,101928.8409,-35.75,97.5
WA_0314,10.96204695,3549.169964,1492,372.75,2014,3,101928.8409,-35.75,97.5
WA_0315,8.402440941,904.2288671,1229,307,2014,3,101928.8409,-35.75,97.5
WA_0316,11.03895232,394.9468883,333,83,2014,3,101928.8409,-35.75,97.5
WA_0316,7.720527228,212.0189955,204,50.75,2014,3,101928.8409,-35.75,97.5
WA_0316,9.041714844,313.1658106,184,45.75,2014,3,101928.8409,-35.75,97.5
WA_0316,6.879129993,212.1990832,184,45.75,2014,3,101928.8409,-35.75,97.5
WA_0316,7.371239455,756.1238242,274,68.25,2014,3,101928.8409,-35.75,97.5
WA_0317,7.705877336,157.3095478,93,23,2014,4,101926.9036,-36,76.5
WA_0051,8.532342475,462.2162179,264,65.75,2014,4,101926.9036,-36,76.5
WA_0230,8.052623729,849.4500813,403,100.5,2014,4,101926.9036,-36,76.5
WA_0318,14.01657397,80.54204439,107,26.5,2014,4,101926.9036,-36,76.5
WA_0319,11.08790155,109.8054245,137,34,2014,4,101926.9036,-36,76.5
WA_0320,10.39464552,121.7182794,165,41,2014,4,101926.9036,-36,76.5
WA_0321,10.83068463,828.4823802,371,93,2014,4,101926.9036,-36,76.5
WA_0201,9.719849418,1124.067803,1120,279.75,2015,1,101788.2881,-37.25,55
WA_0154,8.908558209,1578.284296,866,216.25,2015,1,101788.2881,-37.25,55
WA_0322,9.945654134,1611.39972,1266,316.25,2015,1,101788.2881,-37.25,55
WA_0323,9.836142186,887.0324039,1239,309.5,2015,1,101788.2881,-37.25,55
WA_0324,8.439520385,2079.560065,1036,258.75,2015,1,101788.2881,-37.25,55
WA_0162,7.632684466,1926.247827,1200,301,2015,1,101788.2881,-37.25,55
WA_0325,10.95629016,1463.654301,1056,267.5,2015,1,101788.2881,-37.25,55
WA_0311,7.672001564,1048.804343,379,94.5,2015,1,101788.2881,-37.25,55
WA_0129,11.15956744,135.0106695,457,114,2015,1,101788.2881,-37.25,55
WA_0067,9.018216141,2833.985005,2406,606.75,2015,1,101788.2881,-37.25,55
WA_0326,6.607389309,684.8594384,925,231,2015,2,101887.5243,-37.5,74.5
WA_0326,6.549629371,672.1676757,878,219.25,2015,2,101887.5243,-37.5,74.5
WA_0222,7.635982493,1923.564063,1100,274.75,2015,2,101887.5243,-37.5,74.5
WA_0222,6.627577115,943.8841336,814,203.25,2015,2,101887.5243,-37.5,74.5
WA_0327,8.321196804,844.8696035,565,141,2015,2,101887.5243,-37.5,74.5
WA_0139,9.36081101,1043.906079,1157,289,2015,2,101887.5243,-37.5,74.5
WA_0311,8.952475857,1844.541178,973,243,2015,2,101887.5243,-37.5,74.5
WA_0328,7.560626474,1429.620782,858,214.25,2015,2,101887.5243,-37.5,74.5
WA_0146,6.767857745,773.5934157,629,157,2015,2,101887.5243,-37.5,74.5
WA_0129,7.540482171,1593.861922,1089,272,2015,2,101887.5243,-37.5,74.5
WA_0129,5.412728795,643.5130631,460,114.75,2015,2,101887.5243,-37.5,74.5
WA_0059,7.153362811,254.3167445,538,134.25,2015,2,101887.5243,-37.5,74.5
WA_0059,9.726858877,1886.131236,1776,445.5,2015,2,101887.5243,-37.5,74.5
WA_0328,9.137488139,1311.034476,1269,317,2015,3,101864.5346,-36.75,94.25
WA_0146,9.428690994,3224.30861,956,240.5,2015,3,101864.5346,-36.75,94.25
WA_0329,11.47403099,1159.943991,750,188.5,2016,1,101899.0571,-37.5,95.25
WA_0330,11.14906876,1087.085051,809,202,2016,1,101899.0571,-37.5,95.25
WA_0240,8.369706554,1236.111002,1012,252.75,2016,1,101899.0571,-37.5,95.25
WA_0331,10.1791872,791.0699963,654,163.25,2016,1,101899.0571,-37.5,95.25
WA_0332,8.417356901,311.6426368,290,72.25,2016,1,101899.0571,-37.5,95.25
WA_0310,10.5149769,1230.702637,784,195.75,2016,1,101899.0571,-37.5,95.25
WA_0333,10.56691587,1039.372927,546,136.25,2016,1,101899.0571,-37.5,95.25
WA_0334,9.109784392,1478.699939,1061,265,2016,1,101899.0571,-37.5,95.25
WA_0335,10.01623237,1136.84733,988,246.75,2016,1,101899.0571,-37.5,95.25
WA_0336,10.08324151,729.9907078,371,92.5,2016,1,101899.0571,-37.5,95.25
WA_0337,9.62701084,1390.562447,972,243.25,2016,1,101899.0571,-37.5,95.25
WA_0338,10.76830743,1191.786136,1197,299,2016,1,101899.0571,-37.5,95.25
WA_0339,8.32868333,1000.906457,633,158,2016,1,101899.0571,-37.5,95.25
WA_0340,7.42933932,205.171287,364,90.75,2016,1,101899.0571,-37.5,95.25
WA_0341,11.00256658,1197.289327,950,238.25,2016,1,101899.0571,-37.5,95.25
WA_0342,10.69964593,1391.492188,1010,253,2016,1,101899.0571,-37.5,95.25
WA_0097,11.32896381,1215.763875,681,171.5,2016,1,101899.0571,-37.5,95.25
WA_0343,10.17768077,147.5094848,352,87.75,2016,1,101899.0571,-37.5,95.25
WA_0344,11.27702465,1105.541077,920,229.75,2016,1,101899.0571,-37.5,95.25
WA_0267,8.669086007,667.5378485,427,106.5,2016,1,101899.0571,-37.5,95.25
WA_0267,7.845598844,1527.762063,607,151.75,2016,1,101899.0571,-37.5,95.25
WA_0345,11.06199168,220.7886533,546,136.25,2016,1,101899.0571,-37.5,95.25
WA_0346,10.92646266,350.1701459,381,95,2016,1,101899.0571,-37.5,95.25
WA_0347,13.38820243,84.73936477,153,38,2016,1,101899.0571,-37.5,95.25
WA_0348,9.787000678,751.849407,462,115.25,2016,1,101899.0571,-37.5,95.25
WA_0349,8.973434632,367.3288152,341,85,2016,1,101899.0571,-37.5,95.25
WA_0350,7.359968602,342.9552062,281,70,2016,1,101899.0571,-37.5,95.25
WA_0351,7.517426705,342.4215708,277,69,2016,1,101899.0571,-37.5,95.25
WA_0352,5.931648419,1528.715322,740,185,2016,1,101899.0571,-37.5,95.25
WA_0353,10.36317048,158.588443,361,90,2016,1,101899.0571,-37.5,95.25
WA_0354,11.34247775,1413.801618,1131,282.5,2016,1,101899.0571,-37.5,95.25
WA_0355,8.794478455,1609.110565,767,191.5,2016,1,101899.0571,-37.5,95.25
WA_0355,12.75646811,84.8025689,65,16,2016,1,101899.0571,-37.5,95.25
WA_0356,7.779241139,143.0157589,286,71.25,2016,1,101899.0571,-37.5,95.25
WA_0357,11.14656916,525.8969259,569,142,2016,1,101899.0571,-37.5,95.25
WA_0357,7.006330227,154.1815301,55,13.5,2016,1,101899.0571,-37.5,95.25
WA_0358,9.128544024,2931.84946,1159,289.5,2016,1,101899.0571,-37.5,95.25
WA_0359,8.581818596,1143.850407,791,198.25,2016,1,101899.0571,-37.5,95.25
WA_0359,12.01237849,147.6931229,256,63.75,2016,1,101899.0571,-37.5,95.25
WA_0360,8.284247809,1363.702301,922,230.25,2016,1,101899.0571,-37.5,95.25
WA_0361,10.25398951,685.5071736,384,95.75,2016,1,101899.0571,-37.5,95.25
WA_0362,6.165811451,1527.962126,782,195.25,2016,1,101899.0571,-37.5,95.25
WA_0363,11.52072289,154.5146817,403,100.5,2016,1,101899.0571,-37.5,95.25
WA_0364,7.433644611,1327.374151,1521,380,2016,1,101899.0571,-37.5,95.25
WA_0329,8.722597975,1110.951375,752,187.75,2016,2,101881.9258,-34.75,100
WA_0330,9.001744804,2986.597648,1001,250.75,2016,2,101881.9258,-34.75,100
WA_0333,8.695558519,214.0800924,486,121.25,2016,2,101881.9258,-34.75,100
WA_0186,5.804961596,223.3009449,562,140.25,2016,2,101881.9258,-34.75,100
WA_0339,9.676764302,1430.798261,1325,331,2016,2,101881.9258,-34.75,100
WA_0159,6.878461918,1597.964544,944,235.75,2016,2,101881.9258,-34.75,100
WA_0365,8.733273217,947.1329601,738,184.25,2016,2,101881.9258,-34.75,100
WA_0343,9.163289965,242.9055806,837,209,2016,2,101881.9258,-34.75,100
WA_0263,6.68552694,1158.109592,917,229,2016,2,101881.9258,-34.75,100
WA_0344,9.916010645,3249.654832,1549,387.25,2016,2,101881.9258,-34.75,100
WA_0267,8.370167103,1059.578295,908,226.75,2016,2,101881.9258,-34.75,100
WA_0366,8.313161829,645.6636294,1037,259,2016,2,101881.9258,-34.75,100
WA_0347,8.621956795,3158.544468,1592,402,2016,2,101881.9258,-34.75,100
WA_0165,8.873295369,1632.895702,1479,373,2016,2,101881.9258,-34.75,100
WA_0367,6.592636843,1751.784913,1680,419.75,2016,2,101881.9258,-34.75,100
WA_0368,7.515081424,193.968319,570,142.25,2016,2,101881.9258,-34.75,100
WA_0369,6.731127354,1437.725789,1006,251.25,2016,2,101881.9258,-34.75,100
WA_0354,9.93214274,2446.009409,1203,301,2016,2,101881.9258,-34.75,100
WA_0370,8.467448582,1948.859703,1850,462.25,2016,2,101881.9258,-34.75,100
WA_0370,10.18381846,1168.963464,814,203.25,2016,2,101881.9258,-34.75,100
WA_0371,7.560340172,1556.903331,1460,364.75,2016,2,101881.9258,-34.75,100
WA_0372,10.54611276,1619.281331,1410,352.5,2016,2,101881.9258,-34.75,100
WA_0148,8.604442543,2475.893785,2176,544.25,2016,2,101881.9258,-34.75,100
WA_0361,9.114536913,3271.086712,2649,664,2016,2,101881.9258,-34.75,100
WA_0362,8.476131167,1739.625367,1110,280.5,2016,2,101881.9258,-34.75,100
WA_0364,7.556744761,1438.866749,834,208.25,2016,2,101881.9258,-34.75,100
WA_0373,10.00094244,3976.082012,2564,652,2016,2,101881.9258,-34.75,100
WA_0329,11.25633989,3909.38735,1351,343.75,2016,3,101955.8055,-36.5,99.25
WA_0329,8.891172991,2161.95782,514,130.25,2016,3,101955.8055,-36.5,99.25
WA_0330,8.396924056,103.15975,360,89.75,2016,3,101955.8055,-36.5,99.25
WA_0330,9.191597124,2299.301406,550,140.75,2016,3,101955.8055,-36.5,99.25
WA_0339,7.964785192,1954.539823,1903,475.5,2016,3,101955.8055,-36.5,99.25
WA_0339,8.615020153,1089.213906,441,110,2016,3,101955.8055,-36.5,99.25
WA_0159,10.13928536,815.9049813,610,152.25,2016,3,101955.8055,-36.5,99.25
WA_0159,13.09419194,1033.421106,282,70.25,2016,3,101955.8055,-36.5,99.25
WA_0344,9.234632156,764.5185285,343,85.5,2016,3,101955.8055,-36.5,99.25
WA_0267,8.090897397,1796.679872,784,196.75,2016,3,101955.8055,-36.5,99.25
WA_0267,4.943605013,695.637452,266,66.25,2016,3,101955.8055,-36.5,99.25
WA_0267,9.900193,97.71922585,59,14.5,2016,3,101955.8055,-36.5,99.25
WA_0267,5.871359029,211.5123648,203,50.5,2016,3,101955.8055,-36.5,99.25
WA_0347,10.68510143,140.9622873,481,120,2016,3,101955.8055,-36.5,99.25
WA_0347,10.29251824,2931.256752,1498,376.75,2016,3,101955.8055,-36.5,99.25
WA_0165,7.996491894,2591.908646,1518,383.75,2016,3,101955.8055,-36.5,99.25
WA_0369,8.823878486,1075.03237,750,187.25,2016,3,101955.8055,-36.5,99.25
WA_0369,4.141526862,1007.004291,476,118.75,2016,3,101955.8055,-36.5,99.25
WA_0370,8.057430872,1112.331195,954,238.5,2016,3,101955.8055,-36.5,99.25
WA_0370,5.333544109,368.8041488,218,54.25,2016,3,101955.8055,-36.5,99.25
WA_0371,6.6819701,1453.686505,1430,357.25,2016,3,101955.8055,-36.5,99.25
WA_0371,9.266296808,811.5407836,385,96,2016,3,101955.8055,-36.5,99.25
WA_0371,9.356116982,224.9779962,278,69.25,2016,3,101955.8055,-36.5,99.25
WA_0148,8.636065092,1214.78165,565,141,2016,3,101955.8055,-36.5,99.25
WA_0148,8.269586692,189.3590276,103,25.5,2016,3,101955.8055,-36.5,99.25
WA_0148,6.365760631,192.4490272,541,135,2016,3,101955.8055,-36.5,99.25
WA_0361,6.312655107,1522.089719,779,194.5,2016,3,101955.8055,-36.5,99.25
WA_0361,9.66821692,107.2947349,86,21.25,2016,3,101955.8055,-36.5,99.25
WA_0361,6.127679577,82.19043351,91,22.5,2016,3,101955.8055,-36.5,99.25
WA_0362,9.194360074,787.6704797,848,211.75,2016,3,101955.8055,-36.5,99.25
WA_0362,11.59477465,11.24101954,5,1,2016,3,101955.8055,-36.5,99.25
WA_0362,7.665728529,1655.527427,457,114,2016,3,101955.8055,-36.5,99.25
WA_0362,6.888263197,1094.07701,293,73,2016,3,101955.8055,-36.5,99.25
WA_0362,9.483651259,617.4301686,288,71.75,2016,3,101955.8055,-36.5,99.25
WA_0364,8.854304737,1225.913757,1236,308.75,2016,3,101955.8055,-36.5,99.25
WA_0364,8.044102898,1043.296297,481,120,2016,3,101955.8055,-36.5,99.25
WA_0373,8.685743562,361.9929994,466,116.25,2016,3,101955.8055,-36.5,99.25
WA_0373,8.65660233,138.388728,255,63.5,2016,3,101955.8055,-36.5,99.25
WA_0373,9.049187635,1605.05224,327,85,2016,3,101955.8055,-36.5,99.25
WA_0373,6.68944873,84.33584539,56,13.75,2016,3,101955.8055,-36.5,99.25
WA_0373,7.796198064,10.08599953,5,1,2016,3,101955.8055,-36.5,99.25
WA_0373,7.581121317,16.92502126,24,5.75,2016,3,101955.8055,-36.5,99.25
WA_0329,11.95879028,104.7379213,102,25.25,2016,4,101937.959,-36.5,78.5
WA_0329,13.28852386,76.73172371,162,40.25,2016,4,101937.959,-36.5,78.5
WA_0329,13.50789998,1127.809401,572,149.25,2016,4,101937.959,-36.5,78.5
WA_0165,10.76646434,191.7794127,239,59.5,2016,4,101937.959,-36.5,78.5
WA_0165,13.80413034,187.0062958,170,42.25,2016,4,101937.959,-36.5,78.5
WA_0323,7.143619023,141.5947959,640,159.75,2017,1,101821.0784,-34,81.75
WA_0374,7.797129749,1319.554399,1896,255.55,2017,1,101821.0784,-34,81.75
WA_0271,9.571161462,924.4733802,1666,218.7833333,2017,1,101821.0784,-34,81.75
WA_0116,7.080273208,1490.148657,1138,288.5,2017,1,101821.0784,-34,81.75
WA_0375,6.006649159,1359.29854,1785,235.25,2017,1,101821.0784,-34,81.75
WA_0376,9.09925227,1238.365597,717,180.25,2017,1,101821.0784,-34,81.75
WA_0377,7.038974616,2581.756764,2491,343.75,2017,2,101921.7108,-36,85.75
WA_0377,8.16260174,85.52097306,488,63.38333333,2017,2,101921.7108,-36,85.75
WA_0377,10.05192674,10.03385292,5,0.5,2017,2,101921.7108,-36,85.75
WA_0246,6.90359722,2172.755646,3629,503.4,2017,2,101921.7108,-36,85.75
WA_0378,9.028394932,2024.132105,1074,269.5,2017,2,101921.7108,-36,85.75
WA_0379,9.617487863,566.9914334,1070,267.25,2017,2,101921.7108,-36,85.75
WA_0380,10.21385649,836.8964924,1151,288.75,2017,2,101921.7108,-36,85.75
WA_0260,6.05289848,1697.796733,2354,315,2017,2,101921.7108,-36,85.75
WA_0260,8.780232435,698.7194854,1085,142.4333333,2017,2,101921.7108,-36,85.75
WA_0143,7.912201665,1711.375535,4094,534.0166667,2017,2,101921.7108,-36,85.75
WA_0381,13.06276129,14.18457855,5,1,2017,2,101921.7108,-36,85.75
WA_0381,10.07377757,208.7070624,459,114.5,2017,2,101921.7108,-36,85.75
WA_0207,6.191876587,1653.629541,3133,414.15,2017,2,101921.7108,-36,85.75
WA_0207,9.599978164,543.6722154,1292,167.9,2017,2,101921.7108,-36,85.75
WA_0227,10.04820577,607.8007781,428,111.8833333,2017,2,101921.7108,-36,85.75
WA_0164,9.304691168,1708.452643,4048,527.5,2017,2,101921.7108,-36,85.75
WA_0164,8.971662649,159.9310676,1225,162.75,2017,2,101921.7108,-36,85.75
WA_0192,8.233965924,2167.810809,3280,438.5166667,2017,2,101921.7108,-36,85.75
WA_0271,10.08791229,901.1806727,2528,329.25,2017,2,101921.7108,-36,85.75
WA_0271,5.327557135,16.47436127,7,0.816666667,2017,2,101921.7108,-36,85.75
WA_0271,4.188561706,12.29943583,18,2.116666667,2017,2,101921.7108,-36,85.75
WA_0382,8.616432623,2312.32829,1125,281,2017,2,101921.7108,-36,85.75
WA_0383,4.45275288,1296.901691,458,119.3666667,2017,2,101921.7108,-36,85.75
WA_0275,5.975713645,1060.306982,4378,586.3833333,2017,2,101921.7108,-36,85.75
WA_0275,7.822147353,1487.725761,2003,266.1333333,2017,2,101921.7108,-36,85.75
WA_0311,8.837203661,1570.427475,1132,282.75,2017,2,101921.7108,-36,85.75
WA_0384,8.962388992,210.4601823,283,70.5,2017,2,101921.7108,-36,85.75
WA_0375,7.001075538,1957.550366,2420,332.5,2017,2,101921.7108,-36,85.75
WA_0385,6.073289438,2765.164829,2388,327.25,2017,2,101921.7108,-36,85.75
WA_0233,9.713486451,241.3906202,1029,257,2017,2,101921.7108,-36,85.75
WA_0280,8.944690236,2973.846812,2909,771.3666667,2017,2,101921.7108,-36,85.75
WA_0386,8.90206957,342.574623,603,150.5,2017,2,101921.7108,-36,85.75
WA_0284,8.777440598,272.4964855,537,134,2017,2,101921.7108,-36,85.75
WA_0359,9.617487863,566.9914334,1070,267.25,2017,2,101921.7108,-36,85.75
WA_0387,7.958222802,1704.992363,1033,258,2017,2,101921.7108,-36,85.75
WA_0388,9.068733183,1310.065991,3125,433.5,2017,2,101921.7108,-36,85.75
WA_0389,9.758372052,172.4201417,1043,139.4833333,2017,2,101921.7108,-36,85.75
WA_0390,9.549305581,1687.69782,1332,332.75,2017,2,101921.7108,-36,85.75
WA_0391,8.434778052,1641.727645,2494,337.75,2017,2,101921.7108,-36,85.75
WA_0392,9.514480695,275.7402688,469,117,2017,2,101921.7108,-36,85.75
WA_0042,11.26305537,1716.83274,1095,275,2017,2,101921.7108,-36,85.75
WA_0306,10.86282864,1327.413438,824,206.75,2017,2,101921.7108,-36,85.75
WA_0152,10.40350583,842.9122845,905,122.6,2017,3,101992.9252,-34.75,84.25
WA_0393,10.32565279,236.8389049,1357,190.5166667,2017,3,101992.9252,-34.75,84.25
WA_0251,10.99885966,238.8466512,1677,114.0166667,2017,3,101992.9252,-34.75,84.25
WA_0260,9.483338789,1528.601117,1818,241.5666667,2017,3,101992.9252,-34.75,84.25
WA_0162,9.451613658,1715.683012,1672,237.55,2017,3,101992.9252,-34.75,84.25
WA_0198,6.557381475,2122.173406,9026,1216.066667,2017,3,101992.9252,-34.75,84.25
WA_0227,9.184283824,2073.522369,890,230.9833333,2017,3,101992.9252,-34.75,84.25
WA_0394,9.153181254,1652.979117,1492,222.4166667,2017,3,101992.9252,-34.75,84.25
WA_0283,11.24411061,868.4781578,1409,207.75,2017,3,101992.9252,-34.75,84.25
WA_0388,6.860857415,10.29464102,5,0.55,2017,3,101992.9252,-34.75,84.25
WA_0194,7.725196596,1550.176542,1667,231.25,2017,3,101992.9252,-34.75,84.25
WA_0169,9.927866637,1111.584293,1200,170.4166667,2017,3,101992.9252,-34.75,84.25
WA_0395,8.001447376,1668.853544,1494,375.75,2017,3,101992.9252,-34.75,84.25
WA_0236,10.88713975,122.1835007,1221,159.6,2017,3,101992.9252,-34.75,84.25
WA_0059,9.591796157,557.5886183,879,123.75,2017,3,101992.9252,-34.75,84.25
WA_0306,12.06862537,59.3136061,67,16.5,2017,3,101992.9252,-34.75,84.25
WA_0396,9.497667192,92.54629555,45,70,2017,11,101756.5317,-31.5,94.25
WA_0396,9.565748129,1541.225764,228,340,2017,12,101869.6826,-33.25,86.25
WA_0396,9.929224732,1818.955118,250,341,2017,12,101869.6826,-33.25,86.25
WA_0397,8.038841352,1625.92798,258,358,2017,12,101869.6826,-33.25,86.25
WA_0398,8.174157924,2156.791452,572,759,2017,12,101869.6826,-33.25,86.25
WA_0399,8.913851048,609.582882,83,290.1666667,2017,12,101869.6826,-33.25,86.25
WA_0152,6.74673651,453.3875882,4510,148.1666667,2018,1,101806.1929,-35,82
WA_0153,8.199514269,1506.56346,9676,331.2166667,2018,1,101806.1929,-35,82
WA_0400,7.461187926,508.5452785,6246,208.65,2018,1,101806.1929,-35,82
WA_0177,7.119850672,777.8758043,5410,187.55,2018,1,101806.1929,-35,82
WA_0401,8.206957674,3218.020337,16550,610.3833333,2018,1,101806.1929,-35,82
WA_0143,8.761184258,551.8129962,10763,348.85,2018,1,101806.1929,-35,82
WA_0145,8.767888389,1192.098061,9477,305.9666667,2018,1,101806.1929,-35,82
WA_0316,10.46806306,2988.098518,13653,465.2,2018,1,101806.1929,-35,82
WA_0402,7.206390876,1752.590903,9591,320.6833333,2018,1,101806.1929,-35,82
WA_0352,9.249578481,963.4616893,6409,212.5666667,2018,1,101806.1929,-35,82
WA_0376,10.36525817,1254.395086,2778,71.81666667,2018,1,101806.1929,-35,82
WA_0403,8.84836383,1519.906021,1432,357.75,2018,1,101806.1929,-35,82
WA_0404,8.685331553,1245.779761,9196,306.5333333,2018,1,101806.1929,-35,82
WA_0371,7.479800236,2335.380848,1061,265,2018,1,101806.1929,-35,82
WA_0405,7.766799049,457.3008603,7975,259.55,2018,1,101806.1929,-35,82
WA_0147,9.403748327,210.3164661,721,92.58333333,2018,1,101806.1929,-35,82
WA_0299,8.391705193,1556.606588,9759,336.5166667,2018,1,101806.1929,-35,82
WA_0361,7.530355607,2833.277185,12853,431.8666667,2018,1,101806.1929,-35,82
WA_0213,8.790050101,11.48802624,14,3.216666667,2018,1,101806.1929,-35,82
WA_0213,8.524943832,1260.994509,10049,328.3333333,2018,1,101806.1929,-35,82
WA_0396,8.475914802,2027.218055,460,734,2018,1,101806.1929,-35,82
WA_0398,7.254604474,1982.985258,942,1424.333333,2018,1,101806.1929,-35,82
WA_0399,6.851488357,1527.386908,758,1430,2018,1,101806.1929,-35,82
WA_0406,6.220272641,415.8605505,842,114.2,2018,2,101832.3815,-36,85.25
WA_0406,8.701823909,78.03567049,499,69.5,2018,2,101832.3815,-36,85.25
WA_0407,9.917878513,4176.950697,5018,712.5833333,2018,2,101832.3815,-36,85.25
WA_0240,6.607352247,1703.785473,3331,458,2018,2,101832.3815,-36,85.25
WA_0240,7.687353692,885.1467062,1450,194.25,2018,2,101832.3815,-36,85.25
WA_0073,6.562640314,4317.385884,16404,568.3333333,2018,2,101832.3815,-36,85.25
WA_0408,8.048934731,1885.110702,9286,345.15,2018,2,101832.3815,-36,85.25
WA_0179,8.997919457,1893.588231,3483,474.7666667,2018,2,101832.3815,-36,85.25
WA_0409,8.540855875,1149.025742,4721,160.6333333,2018,2,101832.3815,-36,85.25
WA_0187,9.095082815,670.0739999,1245,165,2018,2,101832.3815,-36,85.25
WA_0187,8.987365872,662.9533848,1457,190.3833333,2018,2,101832.3815,-36,85.25
WA_0187,9.666116451,62.9302286,83,20.4,2018,2,101832.3815,-36,85.25
WA_0187,5.118980498,440.1060086,410,105.6666667,2018,2,101832.3815,-36,85.25
WA_0410,8.961892695,97.75358087,2224,74.8,2018,2,101832.3815,-36,85.25
WA_0410,8.790435997,142.1997238,2620,85.56666667,2018,2,101832.3815,-36,85.25
WA_0411,7.373139288,631.0495935,5789,195.8166667,2018,2,101832.3815,-36,85.25
WA_0412,8.883841805,2547.586061,2443,342.95,2018,2,101832.3815,-36,85.25
WA_0412,8.607342492,295.021859,1087,143.7666667,2018,2,101832.3815,-36,85.25
WA_0413,8.728211265,645.1535538,5107,169.3166667,2018,2,101832.3815,-36,85.25
WA_0161,9.154115945,583.0679489,5664,188.7333333,2018,2,101832.3815,-36,85.25
WA_0270,8.096450377,1578.20806,1182,195.25,2018,2,101832.3815,-36,85.25
WA_0270,6.529918513,834.036595,917,147,2018,2,101832.3815,-36,85.25
WA_0348,7.58465617,1941.59413,11678,384.6333333,2018,2,101832.3815,-36,85.25
WA_0414,9.222786287,2748.128833,4606,648.75,2018,2,101832.3815,-36,85.25
WA_0415,7.901053675,1042.976497,1149,287,2018,2,101832.3815,-36,85.25
WA_0416,9.477222745,239.7984041,6977,235.5,2018,2,101832.3815,-36,85.25
WA_0417,7.840968957,110.0823548,3700,118.8666667,2018,2,101832.3815,-36,85.25
WA_0402,8.589291334,27.55422013,13,3,2018,2,101832.3815,-36,85.25
WA_0418,6.288894185,121.9546759,1064,150.5,2018,2,101832.3815,-36,85.25
WA_0419,5.974086939,883.7507368,7655,256.2666667,2018,2,101832.3815,-36,85.25
WA_0328,7.623675199,1593.622304,8779,300.7833333,2018,2,101832.3815,-36,85.25
WA_0420,9.122256762,179.9135204,7717,253.45,2018,2,101832.3815,-36,85.25
WA_0357,9.175606796,1127.141073,6975,233.9666667,2018,2,101832.3815,-36,85.25
WA_0421,7.507620319,800.801003,8661,293.6166667,2018,2,101832.3815,-36,85.25
WA_0212,8.436611125,1315.025238,2909,468.0666667,2018,2,101832.3815,-36,85.25
WA_0422,8.698087792,768.0364222,9612,320.1666667,2018,2,101832.3815,-36,85.25
WA_0195,7.29302048,1911.960027,2268,312.25,2018,2,101832.3815,-36,85.25
WA_0147,8.239878212,921.262063,1210,156.75,2018,2,101832.3815,-36,85.25
WA_0423,8.90649782,1352.876609,10525,358.9,2018,2,101832.3815,-36,85.25
WA_0089,9.396556589,1660.85076,6232,1078.183333,2018,3,102067.5931,-38,84.75
WA_0406,9.092738834,999.8570574,1708,232.5,2018,3,102067.5931,-38,84.75
WA_0407,9.398661863,1463.222037,2908,509.9333333,2018,3,102067.5931,-38,84.75
WA_0220,9.05795187,2887.490071,7209,1222.483333,2018,3,102067.5931,-38,84.75
WA_0424,9.325999624,217.7763785,2822,167.3166667,2018,3,102067.5931,-38,84.75
WA_0425,9.563070295,432.274287,3286,165.75,2018,3,102067.5931,-38,84.75
WA_0425,9.69186086,20.76394145,13,0.5,2018,3,102067.5931,-38,84.75
WA_0426,8.333328036,920.5144865,6660,394.8,2018,3,102067.5931,-38,84.75
WA_0427,9.359379922,1756.626901,11856,405.4333333,2018,3,102067.5931,-38,84.75
WA_0270,9.43965754,1824.772734,122,67.45,2018,3,102067.5931,-38,84.75
WA_0428,8.49502383,1289.793213,6044,989.4166667,2018,3,102067.5931,-38,84.75
WA_0428,11.72357615,14.55021804,283,71.21666667,2018,3,102067.5931,-38,84.75
WA_0429,9.709474578,5057.539049,6382,1078.7,2018,3,102067.5931,-38,84.75
WA_0430,8.703065574,2954.461254,6580,1200,2018,3,102067.5931,-38,84.75
WA_0232,8.703534652,1739.950601,5631,1061.283333,2018,3,102067.5931,-38,84.75
WA_0431,8.338994462,714.9666006,684,222.0333333,2018,3,102067.5931,-38,84.75
WA_0418,10.67040542,1878.783778,400,173.75,2018,3,102067.5931,-38,84.75
WA_0353,7.154564279,761.9244327,7177,241.45,2018,3,102067.5931,-38,84.75
WA_0353,12.24154649,65.61982847,320,10.7,2018,3,102067.5931,-38,84.75
WA_0432,10.13795458,704.8875344,6425,318.5166667,2018,3,102067.5931,-38,84.75
WA_0433,7.638487097,985.5829403,5892,289.0666667,2018,3,102067.5931,-38,84.75
WA_0212,9.201045131,1528.903209,4312,775.2333333,2018,3,102067.5931,-38,84.75
WA_0434,8.67292256,345.203391,4570,304.0333333,2018,3,102067.5931,-38,84.75
WA_0195,8.191967648,2021.396893,2157,305.5,2018,3,102067.5931,-38,84.75
WA_0147,11.9335941,115.9107188,40,9.683333333,2018,3,102067.5931,-38,84.75
WA_0435,8.558689711,1117.583746,6654,1166.933333,2018,3,102067.5931,-38,84.75
WA_0435,8.329385439,15.9941197,226,55.9,2018,3,102067.5931,-38,84.75
WA_0436,6.711902584,6706.327793,1061,1651.5,2018,3,102067.5931,-38,84.75
WA_0437,8.822328067,2020.188663,786,818,2018,12,101864.7751,-31,87.75
WA_0342,8.07781236,1368.242328,7546,282.15,2019,1,101916.7711,-36.25,81.5
WA_0438,7.135198658,197.9404143,3489,119.2333333,2019,1,101916.7711,-36.25,81.5
WA_0327,8.970060424,883.6113131,3126,115.6333333,2019,1,101916.7711,-36.25,81.5
WA_0439,8.14466183,2571.401902,6424,251.7,2019,1,101916.7711,-36.25,81.5
WA_0346,8.39256303,132.2782018,3613,120.6833333,2019,1,101916.7711,-36.25,81.5
WA_0440,7.310096053,1834.213538,15624,377.3666667,2019,1,101916.7711,-36.25,81.5
WA_0441,7.865165551,707.0341847,3979,132.1166667,2019,1,101916.7711,-36.25,81.5
WA_0382,8.959222089,959.7042655,2947,100.6,2019,1,101916.7711,-36.25,81.5
WA_0382,5.573550157,57.4855209,700,22.85,2019,1,101916.7711,-36.25,81.5
WA_0234,7.872543857,831.0401982,2367,91.6,2019,1,101916.7711,-36.25,81.5
WA_0284,8.200307355,732.689778,8228,282.05,2019,1,101916.7711,-36.25,81.5
WA_0368,9.076733531,1325.143644,6234,227.7166667,2019,1,101916.7711,-36.25,81.5
WA_0442,7.979417987,2654.069397,9039,309.85,2019,1,101916.7711,-36.25,81.5
WA_0443,6.991692289,1719.303066,9581,330.0666667,2019,1,101916.7711,-36.25,81.5
WA_0444,8.516870218,804.6730034,11114,406.8,2019,1,101916.7711,-36.25,81.5
WA_0445,6.007416779,78.42275956,39,38,2019,1,101916.7711,-36.25,81.5
WA_0446,8.534137194,1409.885589,134,150,2019,1,101916.7711,-36.25,81.5
WA_0437,6.764278599,1366.731969,233,518,2019,1,101916.7711,-36.25,81.5
WA_0183,8.783675795,1847.674467,7994,279.9,2019,2,101827.3606,-35.5,100.75
WA_0244,8.429568886,422.6488597,3765,125.9833333,2019,2,101827.3606,-35.5,100.75
WA_0244,10.36178976,515.7707869,5438,183.8833333,2019,2,101827.3606,-35.5,100.75
WA_0447,7.989788034,746.3810589,4683,169.45,2019,2,101827.3606,-35.5,100.75
WA_0448,7.068005233,1178.593539,9851,331.65,2019,2,101827.3606,-35.5,100.75
WA_0448,8.894724939,52.7452949,47,11.5,2019,2,101827.3606,-35.5,100.75
WA_0449,7.088498991,129.0784719,2966,97.16666667,2019,2,101827.3606,-35.5,100.75
WA_0263,6.951608085,2011.497097,11357,381,2019,2,101827.3606,-35.5,100.75
WA_0450,7.010346808,1811.724363,14010,482.0666667,2019,2,101827.3606,-35.5,100.75
WA_0265,9.360049468,1241.115839,6898,265.55,2019,2,101827.3606,-35.5,100.75
WA_0110,9.447624357,484.2561896,4666,160.35,2019,2,101827.3606,-35.5,100.75
WA_0451,7.254835577,1178.135862,12169,425.7833333,2019,2,101827.3606,-35.5,100.75
WA_0452,10.36223958,1158.080976,10778,372,2019,2,101827.3606,-35.5,100.75
WA_0384,8.676002712,217.7768639,3515,120.1166667,2019,2,101827.3606,-35.5,100.75
WA_0376,8.382827258,18.36456263,995,32.1,2019,2,101827.3606,-35.5,100.75
WA_0376,9.226306701,117.0138537,7393,256.6166667,2019,2,101827.3606,-35.5,100.75
WA_0119,7.397516345,119.5429346,2883,93.78333333,2019,2,101827.3606,-35.5,100.75
WA_0119,10.52532171,31.50469362,857,27.6,2019,2,101827.3606,-35.5,100.75
WA_0119,6.728862586,81.00354325,2468,79.7,2019,2,101827.3606,-35.5,100.75
WA_0119,8.388490302,15.23434496,118,3.85,2019,2,101827.3606,-35.5,100.75
WA_0453,7.642411253,2628.56742,9807,354.6333333,2019,2,101827.3606,-35.5,100.75
WA_0454,8.55803366,1580.48176,11763,412.8,2019,2,101827.3606,-35.5,100.75
WA_0455,8.455196675,269.5631194,4049,136.6833333,2019,2,101827.3606,-35.5,100.75
WA_0455,7.53289085,80.57768751,228,7.45,2019,2,101827.3606,-35.5,100.75
WA_0291,8.544681792,2660.599816,10976,380.5666667,2019,2,101827.3606,-35.5,100.75
WA_0456,8.667464055,1310.46058,10276,349.5,2019,2,101827.3606,-35.5,100.75
WA_0457,5.323912029,1993.00473,6574,243.1333333,2019,2,101827.3606,-35.5,100.75
WA_0458,9.077560561,2243.509504,14206,497.6333333,2019,2,101827.3606,-35.5,100.75
WA_0459,8.93180775,543.7861969,9322,316.4333333,2019,2,101827.3606,-35.5,100.75
WA_0460,9.371528094,1000.796532,6530,218.45,2019,2,101827.3606,-35.5,100.75
WA_0460,9.636448493,112.441478,42,10.25,2019,2,101827.3606,-35.5,100.75
WA_0461,7.324203711,2305.653885,10588,353.95,2019,2,101827.3606,-35.5,100.75
WA_0462,6.219748857,580.2498281,4810,159.1166667,2019,2,101827.3606,-35.5,100.75
WA_0463,6.436494057,1763.410398,13185,462.25,2019,2,101827.3606,-35.5,100.75
WA_0463,11.64932671,12.24756108,7,0.2,2019,2,101827.3606,-35.5,100.75
WA_0464,8.381724129,1936.847068,15693,620.9833333,2019,2,101827.3606,-35.5,100.75
WA_0465,9.304003988,1485.901389,10842,380.7833333,2019,2,101827.3606,-35.5,100.75
WA_0445,10.24441802,66.48448092,21,20,2019,2,101827.3606,-35.5,100.75
WA_0445,5.189471456,118.4141777,45,44,2019,2,101827.3606,-35.5,100.75
WA_0445,7.291766918,2360.856065,599,645,2019,2,101827.3606,-35.5,100.75
WA_0446,7.358945512,1121.563294,208,216,2019,2,101827.3606,-35.5,100.75
WA_0446,7.41800872,69.71941025,11,10,2019,2,101827.3606,-35.5,100.75
WA_0446,10.916934,203.3550623,38,40,2019,2,101827.3606,-35.5,100.75
WA_0446,10.54090429,407.6679643,68,71,2019,2,101827.3606,-35.5,100.75
WA_0466,11.09497224,248.1425237,31,33,2019,2,101827.3606,-35.5,100.75
WA_0466,7.502354715,75.87015543,13,12,2019,2,101827.3606,-35.5,100.75
WA_0467,7.631982267,1946.134956,6720,231.2,2019,2,101827.3606,-35.5,100.75
WA_0468,7.55305811,1480.376472,173,192,2019,2,101827.3606,-35.5,100.75
WA_0469,8.893152249,2574.793484,9757,403.25,2019,2,101827.3606,-35.5,100.75
WA_0470,9.468645411,662.8270386,4228,141.1,2019,2,101827.3606,-35.5,100.75
WA_0470,11.49548407,10.59382936,18,0.6,2019,2,101827.3606,-35.5,100.75
WA_0313,6.348523198,344.3871917,69,70,2019,3,102012.5602,-36.25,86.75
WA_0313,6.343485385,952.7369504,216,230,2019,3,102012.5602,-36.25,86.75
WA_0384,10.30949539,175.3831981,2057,70.86666667,2019,3,102012.5602,-36.25,86.75
WA_0461,10.44411399,13.55393194,11,0.35,2019,3,102012.5602,-36.25,86.75
WA_0471,8.987929559,171.8218572,22,24,2019,3,102012.5602,-36.25,86.75
WA_0472,15.3339043,72.51685721,5,4,2019,3,102012.5602,-36.25,86.75
WA_0472,8.533831371,90.63299561,20,19,2019,3,102012.5602,-36.25,86.75
WA_0472,5.750557075,239.9041526,43,42,2019,3,102012.5602,-36.25,86.75
WA_0472,8.364765589,146.7620555,47,47,2019,3,102012.5602,-36.25,86.75
WA_0472,6.981021357,512.9241458,88,93,2019,3,102012.5602,-36.25,86.75
WA_0473,7.018773718,91.32372481,36,35,2019,3,102012.5602,-36.25,86.75
WA_0473,5.902412107,194.6920189,22,21,2019,3,102012.5602,-36.25,86.75
WA_0473,9.154419268,607.9873685,103,111,2019,3,102012.5602,-36.25,86.75
WA_0473,6.378728912,1648.744493,247,281,2019,3,102012.5602,-36.25,86.75
WA_0473,2.45973724,73.2140511,15,14,2019,3,102012.5602,-36.25,86.75
WA_0473,2.944415645,30.97310061,26,25,2019,3,102012.5602,-36.25,86.75
WA_0474,8.506514006,1160.015276,316,328,2019,3,102012.5602,-36.25,86.75
WA_0475,8.428392796,146.939876,85,84,2019,3,102012.5602,-36.25,86.75
WA_0475,6.22346603,1308.948197,198,203,2019,3,102012.5602,-36.25,86.75
WA_0445,6.471726376,1439.676824,298,325,2019,3,102012.5602,-36.25,86.75
WA_0446,10.8849422,61.97118015,16,15,2019,3,102012.5602,-36.25,86.75
WA_0446,4.849902497,135.9273866,24,26,2019,3,102012.5602,-36.25,86.75
WA_0446,5.572950718,1580.848923,144,192,2019,3,102012.5602,-36.25,86.75
WA_0446,6.781740281,1529.195978,149,176,2019,3,102012.5602,-36.25,86.75
WA_0446,10.96279839,150.5657439,38,38,2019,3,102012.5602,-36.25,86.75
WA_0476,8.790173864,1727.621339,977,1004,2019,3,102012.5602,-36.25,86.75
WA_0468,8.229806481,744.2610516,109,113,2019,3,102012.5602,-36.25,86.75
WA_0468,6.45640436,1611.932477,314,340,2019,3,102012.5602,-36.25,86.75
WA_0473,10.69054346,54.4619533,25,24,2019,4,101891.0971,-32.5,99.25
WA_0473,5.091500727,49.4259628,38,37,2019,4,101891.0971,-32.5,99.25
WA_0473,7.838417876,99.00799779,52,51,2019,4,101891.0971,-32.5,99.25
WA_0473,7.984057284,53.6637926,29,28,2019,4,101891.0971,-32.5,99.25
WA_0473,10.61338007,136.681941,72,73,2019,4,101891.0971,-32.5,99.25
WA_0473,9.624223402,104.7300862,67,69,2019,4,101891.0971,-32.5,99.25
WA_0473,4.635632487,46.84701112,25,24,2019,4,101891.0971,-32.5,99.25
WA_0362,8.130316083,2217.199286,937,1003,2019,4,101891.0971,-32.5,99.25
WA_0445,7.915970129,1238.950881,199,230,2019,4,101891.0971,-32.5,99.25
WA_0446,11.36767878,53.01314691,9,12,2019,4,101891.0971,-32.5,99.25
WA_0446,6.975273774,56.21323965,12,50,2019,4,101891.0971,-32.5,99.25
WA_0446,7.902429917,1621.012774,86,507,2019,4,101891.0971,-32.5,99.25
WA_0476,18.50337436,106.9411534,23,22,2019,4,101891.0971,-32.5,99.25
WA_0447,9.985935246,7727.423381,1034,1254,2019,5,101964.9751,-32.5,120
WA_0477,8.589192888,2009.635522,1576,1652,2019,5,101964.9751,-32.5,120
WA_0471,7.596763389,2146.007571,883,1302,2019,5,101964.9751,-32.5,120
WA_0473,14.43763027,351.0614245,107,112,2019,5,101964.9751,-32.5,120
WA_0475,10.55192064,4794.626283,1251,1527,2019,5,101964.9751,-32.5,120
WA_0476,8.862308694,2927.478068,567,622,2019,5,101964.9751,-32.5,120
WA_0478,7.977808513,6774.358329,1567,1772,2019,5,101964.9751,-32.5,120
WA_0472,9.165182615,7613.260481,1406,1824,2019,6,102191.7085,-34,57.25
WA_0479,8.497822806,1438.1779,664,698,2019,12,101787.1103,-31.75,71.75
WA_0447,9.630683332,557.4880021,750,187.25,2020,1,101858.9976,-34.5,91
WA_0103,8.1198104,1476.550049,1404,350.75,2020,1,101858.9976,-34.5,91
WA_0413,8.603650521,1374.715363,946,236.25,2020,1,101858.9976,-34.5,91
WA_0479,6.31529229,1808.309943,256,256,2020,1,101858.9976,-34.5,91
WA_0480,8.621618931,4491.863486,268,288,2020,1,101858.9976,-34.5,91
WA_0481,9.894902964,2171.230848,2108,526.75,2020,2,101911.0186,-37.25,96
WA_0191,8.741554348,152.5528793,770,63.66666667,2020,2,101911.0186,-37.25,96
WA_0482,8.875435257,1422.04711,1349,337,2020,2,101911.0186,-37.25,96
WA_0483,9.064117465,807.9805146,1010,252.25,2020,2,101911.0186,-37.25,96
WA_0484,8.015118914,585.8755697,1190,316.0666667,2024,1,101813.2974,-40,50.5
WA_0185,5.780644418,1176.874543,552,165.1666667,2024,1,101813.2974,-40,50.5
WA_0485,6.151743038,1300.785412,704,211.4666667,2024,1,101813.2974,-40,50.5
WA_0486,4.914784871,1312.767766,952,278.2,2024,2,101959.9307,-37.25,69.25
WA_0331,6.891558141,666.3362741,1080,297.7833333,2024,2,101959.9307,-37.25,69.25
WA_0487,11.28190594,3846.377819,2298,683.0333333,2024,2,101959.9307,-37.25,69.25
WA_0246,6.876049238,1006.034543,905,253.0833333,2024,2,101959.9307,-37.25,69.25
WA_0488,9.085856899,1773.36149,1451,433.8833333,2024,2,101959.9307,-37.25,69.25
WA_0488,10.67011466,11.81754306,10,2.283333333,2024,2,101959.9307,-37.25,69.25
WA_0488,12.31616795,62.27247251,23,6.35,2024,2,101959.9307,-37.25,69.25
WA_0488,10.87988684,46.27861754,59,15.23333333,2024,2,101959.9307,-37.25,69.25
WA_0488,11.08485939,47.11038136,26,6.4,2024,2,101959.9307,-37.25,69.25
WA_0489,8.838534213,173.2401078,63,17.95,2024,2,101959.9307,-37.25,69.25
WA_0489,8.239004788,117.9030103,865,258.1666667,2024,2,101959.9307,-37.25,69.25
WA_0489,9.203395403,16.96197642,11,2.516666667,2024,2,101959.9307,-37.25,69.25
WA_0489,9.299733205,43.72999831,12,3.3,2024,2,101959.9307,-37.25,69.25
WA_0484,8.843142527,1410.98117,2668,762.8666667,2024,2,101959.9307,-37.25,69.25
WA_0185,8.194381799,1683.394685,1027,317.5,2024,2,101959.9307,-37.25,69.25
WA_0187,9.182249286,1786.928993,992,312.0833333,2024,2,101959.9307,-37.25,69.25
WA_0490,8.457699622,992.2200571,1284,369.85,2024,2,101959.9307,-37.25,69.25
WA_0338,10.02494467,1025.639197,839,239.2,2024,2,101959.9307,-37.25,69.25
WA_0491,8.185730392,1703.423262,687,209.8,2024,2,101959.9307,-37.25,69.25
WA_0492,10.64073249,135.7753502,192,55.88333333,2024,2,101959.9307,-37.25,69.25
WA_0492,9.439442709,1360.72733,691,202.3666667,2024,2,101959.9307,-37.25,69.25
WA_0413,6.682778172,208.974463,838,218.05,2024,2,101959.9307,-37.25,69.25
WA_0413,8.34678918,160.1528068,1203,316.8666667,2024,2,101959.9307,-37.25,69.25
WA_0161,8.431851448,168.5884978,683,192.5333333,2024,2,101959.9307,-37.25,69.25
WA_0161,9.031252895,1516.956058,735,225.5666667,2024,2,101959.9307,-37.25,69.25
WA_0224,8.377983608,220.8131177,736,207.95,2024,2,101959.9307,-37.25,69.25
WA_0224,9.566425886,44.3306353,7,1.783333333,2024,2,101959.9307,-37.25,69.25
WA_0189,9.406814139,121.9693334,428,111.1,2024,2,101959.9307,-37.25,69.25
WA_0493,8.513024675,1184.141472,1788,521.5,2024,2,101959.9307,-37.25,69.25
WA_0144,9.401338866,1375.436228,553,170.3,2024,2,101959.9307,-37.25,69.25
WA_0346,10.28446179,2913.309179,1542,452.5333333,2024,2,101959.9307,-37.25,69.25
WA_0494,8.5571876,2442.384524,997,308.6833333,2024,2,101959.9307,-37.25,69.25
WA_0350,8.449197893,109.63373,522,142.85,2024,2,101959.9307,-37.25,69.25
WA_0350,9.068795549,1114.887371,648,191.8166667,2024,2,101959.9307,-37.25,69.25
WA_0495,5.80494055,1492.83611,851,246.1833333,2024,2,101959.9307,-37.25,69.25
WA_0496,6.119490386,671.0231135,997,279.2166667,2024,2,101959.9307,-37.25,69.25
WA_0353,7.945053063,1849.158524,1557,485.25,2024,2,101959.9307,-37.25,69.25
WA_0284,8.162180953,836.6942263,1287,375.1,2024,2,101959.9307,-37.25,69.25
WA_0368,6.997081616,2255.679505,838,266.3666667,2024,2,101959.9307,-37.25,69.25
WA_0497,7.203793974,1808.564174,1540,476.0166667,2024,2,101959.9307,-37.25,69.25
WA_0498,9.649140674,1114.72165,716,215.5,2024,2,101959.9307,-37.25,69.25
WA_0356,7.565968477,2685.153242,998,324.6166667,2024,2,101959.9307,-37.25,69.25
WA_0290,8.358188744,821.0828852,1453,408.1833333,2024,2,101959.9307,-37.25,69.25
WA_0420,10.34129525,1118.961197,1805,504.7333333,2024,2,101959.9307,-37.25,69.25
WA_0499,7.782863665,1865.217248,1028,308.2666667,2024,2,101959.9307,-37.25,69.25
WA_0500,7.395819074,2365.073536,1362,406.8666667,2024,2,101959.9307,-37.25,69.25
WA_0359,8.347848788,806.4320343,898,242.8666667,2024,2,101959.9307,-37.25,69.25
WA_0501,9.278610088,1159.916125,993,288.6166667,2024,2,101959.9307,-37.25,69.25
WA_0502,5.741013996,654.8402835,743,212.5166667,2024,2,101959.9307,-37.25,69.25
WA_0319,7.34484512,2264.035531,1480,451.9833333,2024,2,101959.9307,-37.25,69.25
WA_0503,9.299048264,2416.098637,1503,455.6166667,2024,2,101959.9307,-37.25,69.25
WA_0504,8.908524543,2413.291441,1699,518.85,2024,2,101959.9307,-37.25,69.25
WA_0505,12.46811545,43.00518018,24,5.816666667,2024,2,101959.9307,-37.25,69.25
WA_0505,9.799328775,85.99713728,81,29.35,2024,2,101959.9307,-37.25,69.25
WA_0505,9.814171699,1191.22806,1182,350.0833333,2024,2,101959.9307,-37.25,69.25
WA_0506,6.00075467,1562.142421,1402,396.5166667,2024,2,101959.9307,-37.25,69.25
WA_0507,7.070509602,36.4468716,6,1.266666667,2024,2,101959.9307,-37.25,69.25
WA_0507,9.340021317,770.8423498,882,281.8,2024,2,101959.9307,-37.25,69.25
WA_0508,8.641878137,2527.670019,916,269.3333333,2024,2,101959.9307,-37.25,69.25
WA_0509,7.774707076,2948.841158,1605,476.1833333,2024,2,101959.9307,-37.25,69.25
WA_0510,6.188172854,2128.007966,1767,525.9833333,2024,2,101959.9307,-37.25,69.25
WA_0511,7.63419491,2813.931771,951,332.6833333,2024,2,101959.9307,-37.25,69.25
WA_0512,9.020923375,1740.585358,1009,318.1166667,2024,2,101959.9307,-37.25,69.25
WA_0513,6.527679795,925.1555913,1119,330.7,2024,2,101959.9307,-37.25,69.25
WA_0361,5.418485422,171.8955929,563,145.3833333,2024,2,101959.9307,-37.25,69.25
WA_0361,8.900550115,1993.830348,1063,303.9833333,2024,2,101959.9307,-37.25,69.25
WA_0514,10.04465748,2183.632294,1472,451.25,2024,2,101959.9307,-37.25,69.25
WA_0515,8.363310006,3166.679031,1930,622.7166667,2024,2,101959.9307,-37.25,69.25
WA_0516,9.789575292,1455.429264,1076,315.4166667,2024,2,101959.9307,-37.25,69.25
WA_0517,8.235256371,170.3845255,527,140.55,2024,2,101959.9307,-37.25,69.25
WA_0518,8.359019108,1278.574509,1778,550.3,2024,2,101959.9307,-37.25,69.25
WA_0485,6.152182838,747.8534902,770,213.4166667,2024,2,101959.9307,-37.25,69.25
WA_0485,11.14520837,69.93179264,106,27.58333333,2024,2,101959.9307,-37.25,69.25
WA_0213,9.522404085,1712.672336,1392,407.3,2024,2,101959.9307,-37.25,69.25
WA_0213,10.25074163,104.7201801,386,109.45,2024,2,101959.9307,-37.25,69.25
WA_0519,10.82317847,2180.94932,2549,746.1833333,2024,2,101959.9307,-37.25,69.25
WA_0520,8.548361793,187.4604727,565,164.4333333,2024,2,101959.9307,-37.25,69.25
WA_0521,8.613244911,3407.167297,2765,810.7166667,2024,2,101959.9307,-37.25,69.25
WA_0486,11.86476792,131.3597699,254,73.08333333,2024,3,101981.797,-33.25,60.75
WA_0331,11.31359021,1963.854472,769,238.15,2024,3,101981.797,-33.25,60.75
WA_0487,14.14604641,25.50643777,42,10.41666667,2024,3,101981.797,-33.25,60.75
WA_0246,9.079099019,2403.120187,1029,305.0333333,2024,3,101981.797,-33.25,60.75
WA_0488,10.78362043,752.850896,530,163.9333333,2024,3,101981.797,-33.25,60.75
WA_0522,8.909560435,2247.180383,749,236.9666667,2024,3,101981.797,-33.25,60.75
WA_0489,6.895138856,1991.809058,925,289.6166667,2024,3,101981.797,-33.25,60.75
WA_0490,8.295202654,2075.892924,608,187.1166667,2024,3,101981.797,-33.25,60.75
WA_0338,11.83983056,212.2102805,155,45.03333333,2024,3,101981.797,-33.25,60.75
WA_0338,13.0569624,107.7434237,208,67.8,2024,3,101981.797,-33.25,60.75
WA_0491,9.080029137,1348.140173,742,221.05,2024,3,101981.797,-33.25,60.75
WA_0492,10.7996317,1371.684056,571,173.65,2024,3,101981.797,-33.25,60.75
WA_0413,9.285580309,199.5362634,206,55.35,2024,3,101981.797,-33.25,60.75
WA_0161,10.05907585,183.2194314,233,70.95,2024,3,101981.797,-33.25,60.75
WA_0224,8.48035556,995.9860009,714,214.3333333,2024,3,101981.797,-33.25,60.75
WA_0189,11.32296618,2087.290738,1008,294.2,2024,3,101981.797,-33.25,60.75
WA_0493,8.953333112,1477.207576,688,229.7,2024,3,101981.797,-33.25,60.75
WA_0144,11.61878189,1882.301816,719,213.9833333,2024,3,101981.797,-33.25,60.75
WA_0346,12.13667154,277.6355402,239,67,2024,3,101981.797,-33.25,60.75
WA_0346,13.52356101,44.99529589,11,2.55,2024,3,101981.797,-33.25,60.75
WA_0523,9.451767442,2624.870599,1130,361.6666667,2024,3,101981.797,-33.25,60.75
WA_0494,11.39702954,462.8504401,682,185.8333333,2024,3,101981.797,-33.25,60.75
WA_0350,12.64639836,238.0139197,327,95.33333333,2024,3,101981.797,-33.25,60.75
WA_0495,9.530237447,190.9836329,271,74.48333333,2024,3,101981.797,-33.25,60.75
WA_0496,9.571039281,586.4517074,570,160.9666667,2024,3,101981.797,-33.25,60.75
WA_0496,11.86047608,1145.905772,561,171.6,2024,3,101981.797,-33.25,60.75
WA_0496,11.61712024,43.56291762,10,4.033333333,2024,3,101981.797,-33.25,60.75
WA_0496,8.793438688,79.7535349,138,35.63333333,2024,3,101981.797,-33.25,60.75
WA_0496,7.643218831,219.011646,251,73.65,2024,3,101981.797,-33.25,60.75
WA_0284,11.04053533,1401.775021,1059,331.6,2024,3,101981.797,-33.25,60.75
WA_0368,10.87289018,1044.262502,445,139.0333333,2024,3,101981.797,-33.25,60.75
WA_0497,9.242819809,1694.407133,977,294.7333333,2024,3,101981.797,-33.25,60.75
WA_0497,9.40540759,223.8267473,259,76.15,2024,3,101981.797,-33.25,60.75
WA_0498,6.920341972,1883.958031,754,245.5333333,2024,3,101981.797,-33.25,60.75
WA_0356,9.758287173,499.4091834,340,103.6833333,2024,3,101981.797,-33.25,60.75
WA_0356,10.23137963,88.29247395,50,15.95,2024,3,101981.797,-33.25,60.75
WA_0290,11.96062124,702.778337,674,194.5,2024,3,101981.797,-33.25,60.75
WA_0290,8.202789837,403.0348733,161,46.31666667,2024,3,101981.797,-33.25,60.75
WA_0499,7.57383161,1852.686648,602,196.6166667,2024,3,101981.797,-33.25,60.75
WA_0500,8.795365597,1330.594042,618,184.7666667,2024,3,101981.797,-33.25,60.75
WA_0359,9.408881683,2257.595218,1072,336.7666667,2024,3,101981.797,-33.25,60.75
WA_0501,10.39577447,631.1649473,462,137.5333333,2024,3,101981.797,-33.25,60.75
WA_0502,8.977650753,2221.065112,820,264.45,2024,3,101981.797,-33.25,60.75
WA_0505,11.44398555,548.7068965,527,141.9833333,2024,3,101981.797,-33.25,60.75
WA_0506,9.975389571,571.1877675,471,146.9166667,2024,3,101981.797,-33.25,60.75
WA_0506,9.645834817,153.6642602,208,57.3,2024,3,101981.797,-33.25,60.75
WA_0508,11.34160921,1506.916016,669,204.95,2024,3,101981.797,-33.25,60.75
WA_0508,16.03378123,72.97706749,31,10.88333333,2024,3,101981.797,-33.25,60.75
WA_0509,8.750409539,2078.027373,988,282,2024,3,101981.797,-33.25,60.75
WA_0510,11.50159746,705.3255519,493,142.4833333,2024,3,101981.797,-33.25,60.75
WA_0510,9.019886008,1087.325387,294,93.1,2024,3,101981.797,-33.25,60.75
WA_0510,6.735759957,943.710343,391,119.2333333,2024,3,101981.797,-33.25,60.75
WA_0510,4.585293949,15.79554117,23,5.583333333,2024,3,101981.797,-33.25,60.75
WA_0511,9.006346465,1163.56154,748,217.7666667,2024,3,101981.797,-33.25,60.75
WA_0512,11.9912096,46.17344628,37,9.6,2024,3,101981.797,-33.25,60.75
WA_0513,11.42886915,1108.946267,875,254.2833333,2024,3,101981.797,-33.25,60.75
WA_0513,12.05722519,413.393698,242,73.63333333,2024,3,101981.797,-33.25,60.75
WA_0513,6.934632389,1690.804458,360,121.5333333,2024,3,101981.797,-33.25,60.75
WA_0361,9.099218651,1742.895155,626,183.6666667,2024,3,101981.797,-33.25,60.75
WA_0524,8.964629531,3001.07303,3621,1006.083333,2024,3,101981.797,-33.25,60.75
WA_0525,9.520781345,2282.351882,979,310.3333333,2024,3,101981.797,-33.25,60.75
WA_0525,5.520780347,643.0547425,329,98.9,2024,3,101981.797,-33.25,60.75
WA_0525,7.300922385,225.1614363,218,66,2024,3,101981.797,-33.25,60.75
WA_0517,12.14940524,1278.934153,893,263.4666667,2024,3,101981.797,-33.25,60.75
WA_0213,10.69582873,1958.873901,514,159.8833333,2024,3,101981.797,-33.25,60.75
WA_0213,12.97473691,40.99003476,32,8.366666667,2024,3,101981.797,-33.25,60.75
WA_0520,8.807759967,2467.917997,738,241.8166667,2024,3,101981.797,-33.25,60.75